Diagnosis_code,Diagnosis_description
N4601,Organic azoospermia
V828,Occupant of streetcar injured in other specified transport accidents
S63211D,"Subluxation of metacarpophalangeal joint of left index finger, subsequent encounter"
V0199,"Pedestrian with other conveyance injured in collision with pedal cycle, unspecified whether traffic or nontraffic accident"
S04039A,"Injury of optic tract and pathways, unspecified eye, initial encounter"
N602,Fibroadenosis of breast
S7811,null
M62159,"Other rupture of muscle (nontraumatic), unspecified thigh"
N99518,Other cystostomy complication
S43139,"Dislocation of unspecified acromioclavicular joint, greater than 200% displacement"
Y92480,Sidewalk as the place of occurrence of the external cause
B189,"Chronic viral hepatitis, unspecified"
S55202D,"Unspecified injury of vein at forearm level, left arm, subsequent encounter"
O9A5,"Psychological abuse complicating pregnancy, childbirth and the puerperium"
M6511,"Other infective (teno)synovitis, shoulder"
T50991D,"Poisoning by other drugs, medicaments and biological substances, accidental (unintentional), subsequent encounter"
S62034,Nondisplaced fracture of proximal third of navicular [scaphoid] bone of right wrist
M40203,"Unspecified kyphosis, cervicothoracic region"
S52243D,"Displaced spiral fracture of shaft of ulna, unspecified arm, subsequent encounter for closed fracture with routine healing"
S15391A,"Other specified injury of right internal jugular vein, initial encounter"
S52342K,"Displaced spiral fracture of shaft of radius, left arm, subsequent encounter for closed fracture with nonunion"
O770,Labor and delivery complicated by meconium in amniotic fluid
N9481,Vulvodynia
V416XXA,"Car passenger injured in collision with pedal cycle in traffic accident, initial encounter"
T85868A,"Thrombosis due to other internal prosthetic devices, implants and grafts, initial encounter"
S9205,Other extraarticular fracture of calcaneus
S5491XD,"Injury of unspecified nerve at forearm level, right arm, subsequent encounter"
T595X3A,"Toxic effect of fluorine gas and hydrogen fluoride, assault, initial encounter"
N643,Galactorrhea not associated with childbirth
L243,Irritant contact dermatitis due to cosmetics
T445X1D,"Poisoning by predominantly beta-adrenoreceptor agonists, accidental (unintentional), subsequent encounter"
S13180D,"Subluxation of C7/T1 cervical vertebrae, subsequent encounter"
S90511D,"Abrasion, right ankle, subsequent encounter"
T81505S,"Unspecified complication of foreign body accidentally left in body following heart catheterization, sequela"
S75202S,null
S62222G,"Displaced Rolando's fracture, left hand, subsequent encounter for fracture with delayed healing"
S7629,"Other injury of adductor muscle, fascia and tendon of thigh"
R301,Vesical tenesmus
S93439D,"Sprain of tibiofibular ligament of unspecified ankle, subsequent encounter"
O318X29,"Other complications specific to multiple gestation, second trimester, other fetus"
H7422,Discontinuity and dislocation of left ear ossicles
S52614H,"Nondisplaced fracture of right ulna styloid process, subsequent encounter for open fracture type I or II with delayed healing"
Z91040,Latex allergy status
V179XXS,"Unspecified pedal cyclist injured in collision with fixed or stationary object in traffic accident, sequela"
Y364,War operations involving firearm discharge and other forms of conventional warfare
S34114S,"Complete lesion of L4 level of lumbar spinal cord, sequela"
S37099,Other injury of unspecified kidney
Y270,"Contact with steam and hot vapors, undetermined intent"
S43215D,"Anterior dislocation of left sternoclavicular joint, subsequent encounter"
S92136A,"Nondisplaced fracture of posterior process of unspecified talus, initial encounter for closed fracture"
W9439,Exposure to other rapid changes in air pressure during descent
T28411S,"Burn of right ear drum, sequela"
M2631,Crowding of fully erupted teeth
S61311S,"Laceration without foreign body of left index finger with damage to nail, sequela"
O9123,Nonpurulent mastitis associated with lactation
S61541,Puncture wound with foreign body of right wrist
S63233D,"Subluxation of proximal interphalangeal joint of left middle finger, subsequent encounter"
S52692A,"Other fracture of lower end of left ulna, initial encounter for closed fracture"
T520X1D,"Toxic effect of petroleum products, accidental (unintentional), subsequent encounter"
M4625,"Osteomyelitis of vertebra, thoracolumbar region"
V2981,Motorcycle rider (driver) (passenger) injured in transport accident with military vehicle
S72499P,"Other fracture of lower end of unspecified femur, subsequent encounter for closed fracture with malunion"
O99213,null
Y37430A,"Military operations involving other firearms discharge, military personnel, initial encounter"
S3803XD,"Crushing injury of vulva, subsequent encounter"
I63413,Cerebral infarction due to embolism of bilateral middle cerebral arteries
S61326A,"Laceration with foreign body of right little finger with damage to nail, initial encounter"
S82016N,"Nondisplaced osteochondral fracture of unspecified patella, subsequent encounter for open fracture type IIIA, IIIB, or IIIC with nonunion"
O1224,"Gestational edema with proteinuria, complicating childbirth"
S86322S,"Laceration of muscle(s) and tendon(s) of peroneal muscle group at lower leg level, left leg, sequela"
S86312D,"Strain of muscle(s) and tendon(s) of peroneal muscle group at lower leg level, left leg, subsequent encounter"
S72033P,"Displaced midcervical fracture of unspecified femur, subsequent encounter for closed fracture with malunion"
T8119XA,"Other postprocedural shock, initial encounter"
T22261,Burn of second degree of right scapular region
V129,Unspecified pedal cyclist injured in collision with two- or three-wheeled motor vehicle in traffic accident
M85162,"Skeletal fluorosis, left lower leg"
S86391S,"Other injury of muscle(s) and tendon(s) of peroneal muscle group at lower leg level, right leg, sequela"
S52136A,"Nondisplaced fracture of neck of unspecified radius, initial encounter for closed fracture"
M1A221,null
T288,Corrosion of internal genitourinary organs
T391X4D,"Poisoning by 4-Aminophenol derivatives, undetermined, subsequent encounter"
S36539D,"Laceration of unspecified part of colon, subsequent encounter"
M84632K,"Pathological fracture in other disease, left ulna, subsequent encounter for fracture with nonunion"
E31,Polyglandular dysfunction
S62164K,"Nondisplaced fracture of pisiform, right wrist, subsequent encounter for fracture with nonunion"
S92002A,"Unspecified fracture of left calcaneus, initial encounter for closed fracture"
S32041,Stable burst fracture of fourth lumbar vertebra
H44649,"Retained (old) magnetic foreign body in posterior wall of globe, unspecified eye"
S68618,Complete traumatic transphalangeal amputation of other finger
O23599,"Infection of other part of genital tract in pregnancy, unspecified trimester"
S60463,Insect bite (nonvenomous) of left middle finger
S36899D,"Unspecified injury of other intra-abdominal organs, subsequent encounter"
V3940XD,"Driver of three-wheeled motor vehicle injured in collision with unspecified motor vehicles in traffic accident, subsequent encounter"
A5481,null
T673XXA,"Heat exhaustion, anhydrotic, initial encounter"
H05221,Edema of right orbit
V9350XS,"Explosion on board merchant ship, sequela"
S92011A,"Displaced fracture of body of right calcaneus, initial encounter for closed fracture"
Q06,Other congenital malformations of spinal cord
M21219,"Flexion deformity, unspecified shoulder"
S60572D,"Other superficial bite of hand of left hand, subsequent encounter"
O9A11,Malignant neoplasm complicating pregnancy
S52044B,"Nondisplaced fracture of coronoid process of right ulna, initial encounter for open fracture type I or II"
S72436P,"Nondisplaced fracture of medial condyle of unspecified femur, subsequent encounter for closed fracture with malunion"
V672XXD,"Person on outside of heavy transport vehicle injured in collision with fixed or stationary object in nontraffic accident, subsequent encounter"
F14959,"Cocaine use, unspecified with cocaine-induced psychotic disorder, unspecified"
V735,"Driver of bus injured in collision with car, pick-up truck or van in traffic accident"
S52242A,"Displaced spiral fracture of shaft of ulna, left arm, initial encounter for closed fracture"
T3409XD,"Frostbite with tissue necrosis of other part of head, subsequent encounter"
T600X3A,"Toxic effect of organophosphate and carbamate insecticides, assault, initial encounter"
I63519,null
M80852A,"Other osteoporosis with current pathological fracture, left femur, initial encounter for fracture"
I802,Phlebitis and thrombophlebitis of other and unspecified deep vessels of lower extremities
T8454XA,"Infection and inflammatory reaction due to internal left knee prosthesis, initial encounter"
S62175A,"Nondisplaced fracture of trapezium [larger multangular], left wrist, initial encounter for closed fracture"
W172XXA,"Fall into hole, initial encounter"
T572X1A,"Toxic effect of manganese and its compounds, accidental (unintentional), initial encounter"
S82455S,"Nondisplaced comminuted fracture of shaft of left fibula, sequela"
S72021C,"Displaced fracture of epiphysis (separation) (upper) of right femur, initial encounter for open fracture type IIIA, IIIB, or IIIC"
M5020,"Other cervical disc displacement, unspecified cervical region"
S259,Injury of unspecified blood vessel of thorax
O3131X0,"Continuing pregnancy after elective fetal reduction of one fetus or more, first trimester, not applicable or unspecified"
H26111,"Localized traumatic opacities, right eye"
S31129,"Laceration of abdominal wall with foreign body, unspecified quadrant without penetration into peritoneal cavity"
M8541,"Solitary bone cyst, shoulder"
D433,Neoplasm of uncertain behavior of cranial nerves
B831,Gnathostomiasis
G431,Migraine with aura
F16151,Hallucinogen abuse with hallucinogen-induced psychotic disorder with hallucinations
G978,Other intraoperative and postprocedural complications and disorders of nervous system
O411210,"Chorioamnionitis, first trimester, not applicable or unspecified"
E113392,"Type 2 diabetes mellitus with moderate nonproliferative diabetic retinopathy without macular edema, left eye"
T383X5A,"Adverse effect of insulin and oral hypoglycemic [antidiabetic] drugs, initial encounter"
L254,Unspecified contact dermatitis due to food in contact with skin
M1214,"Kaschin-Beck disease, hand"
S241,Other and unspecified injuries of thoracic spinal cord
S62646P,"Nondisplaced fracture of proximal phalanx of right little finger, subsequent encounter for fracture with malunion"
K8591,"Acute pancreatitis with uninfected necrosis, unspecified"
M403,Flatback syndrome
X378XXA,"Other cataclysmic storms, initial encounter"
S60029D,"Contusion of unspecified index finger without damage to nail, subsequent encounter"
H1640,Unspecified corneal neovascularization
S52283D,"Bent bone of unspecified ulna, subsequent encounter for closed fracture with routine healing"
T7807,Anaphylactic reaction due to milk and dairy products
S63214,Subluxation of metacarpophalangeal joint of right ring finger
S62355A,"Nondisplaced fracture of shaft of fourth metacarpal bone, left hand, initial encounter for closed fracture"
D831,Common variable immunodeficiency with predominant immunoregulatory T-cell disorders
S62353G,"Nondisplaced fracture of shaft of third metacarpal bone, left hand, subsequent encounter for fracture with delayed healing"
T84418D,"Breakdown (mechanical) of other internal orthopedic devices, implants and grafts, subsequent encounter"
T25139D,"Burn of first degree of unspecified toe(s) (nail), subsequent encounter"
M86351,"Chronic multifocal osteomyelitis, right femur"
S32051G,"Stable burst fracture of fifth lumbar vertebra, subsequent encounter for fracture with delayed healing"
S93133S,"Subluxation of interphalangeal joint of unspecified great toe, sequela"
M84331,"Stress fracture, right ulna"
S52391A,"Other fracture of shaft of radius, right arm, initial encounter for closed fracture"
T2054,Corrosion of first degree of nose (septum)
S43159S,"Posterior dislocation of unspecified acromioclavicular joint, sequela"
T82320,Displacement of aortic (bifurcation) graft (replacement)
S82853F,"Displaced trimalleolar fracture of unspecified lower leg, subsequent encounter for open fracture type IIIA, IIIB, or IIIC with routine healing"
S82876H,"Nondisplaced pilon fracture of unspecified tibia, subsequent encounter for open fracture type I or II with delayed healing"
S62396,"Other fracture of fifth metacarpal bone, right hand"
Q878,"Other specified congenital malformation syndromes, not elsewhere classified"
S72352R,"Displaced comminuted fracture of shaft of left femur, subsequent encounter for open fracture type IIIA, IIIB, or IIIC with malunion"
M1014,"Lead-induced gout, hand"
V80730S,"Animal-rider injured in collision with streetcar, sequela"
S43122A,"Dislocation of left acromioclavicular joint, 100%-200% displacement, initial encounter"
V0192XA,"Pedestrian on skateboard injured in collision with pedal cycle, unspecified whether traffic or nontraffic accident, initial encounter"
S62001D,"Unspecified fracture of navicular [scaphoid] bone of right wrist, subsequent encounter for fracture with routine healing"
S91236S,"Puncture wound without foreign body of unspecified lesser toe(s) with damage to nail, sequela"
Z763,Healthy person accompanying sick person
M62151,"Other rupture of muscle (nontraumatic), right thigh"
S4411XD,"Injury of median nerve at upper arm level, right arm, subsequent encounter"
S98912D,"Complete traumatic amputation of left foot, level unspecified, subsequent encounter"
S62156,"Nondisplaced fracture of hook process of hamate [unciform] bone, unspecified wrist"
M24121,"Other articular cartilage disorders, right elbow"
S52234E,"Nondisplaced oblique fracture of shaft of right ulna, subsequent encounter for open fracture type I or II with routine healing"
Y38891S,"Terrorism involving other means, public safety official injured, sequela"
S8780XD,"Crushing injury of unspecified lower leg, subsequent encounter"
S59032P,"Salter-Harris Type III physeal fracture of lower end of ulna, left arm, subsequent encounter for fracture with malunion"
M438X3,"Other specified deforming dorsopathies, cervicothoracic region"
H699,Unspecified Eustachian tube disorder
V903,Drowning and submersion due to falling or jumping from crushed watercraft
F1118,Opioid abuse with other opioid-induced disorder
C925,Acute myelomonocytic leukemia
S52309,Unspecified fracture of shaft of unspecified radius
S46921S,"Laceration of unspecified muscle, fascia and tendon at shoulder and upper arm level, right arm, sequela"
T82518,Breakdown (mechanical) of other cardiac and vascular devices and implants
K5151,Left sided colitis with complications
Q51811,Hypoplasia of uterus
S62132S,"Displaced fracture of capitate [os magnum] bone, left wrist, sequela"
S89112,Salter-Harris Type I physeal fracture of lower end of left tibia
O292,Central nervous system complications of anesthesia during pregnancy
S68719,Complete traumatic transmetacarpal amputation of unspecified hand
V398,Occupant (driver) (passenger) of three-wheeled motor vehicle injured in other specified transport accidents
S23170D,"Subluxation of T12/L1 thoracic vertebra, subsequent encounter"
S68114D,"Complete traumatic metacarpophalangeal amputation of right ring finger, subsequent encounter"
S52399N,"Other fracture of shaft of radius, unspecified arm, subsequent encounter for open fracture type IIIA, IIIB, or IIIC with nonunion"
S02650B,"Fracture of angle of mandible, unspecified side, initial encounter for open fracture"
Z00110,Health examination for newborn under 8 days old
H02112,Cicatricial ectropion of right lower eyelid
M21061,"Valgus deformity, not elsewhere classified, right knee"
H47619,"Cortical blindness, unspecified side of brain"
S32422S,"Displaced fracture of posterior wall of left acetabulum, sequela"
V1960XD,"Unspecified pedal cyclist injured in collision with unspecified motor vehicles in traffic accident, subsequent encounter"
O3111X5,"Continuing pregnancy after spontaneous abortion of one fetus or more, first trimester, fetus 5"
S52019K,"Torus fracture of upper end of unspecified ulna, subsequent encounter for fracture with nonunion"
M23252,"Derangement of posterior horn of lateral meniscus due to old tear or injury, left knee"
H2154,Posterior synechiae (iris)
X378,Other cataclysmic storms
S82131Q,"Displaced fracture of medial condyle of right tibia, subsequent encounter for open fracture type I or II with malunion"
Y35092S,"Legal intervention involving other firearm discharge, bystander injured, sequela"
T464X5,Adverse effect of angiotensin-converting-enzyme inhibitors
E762,Other mucopolysaccharidoses
S62031G,"Displaced fracture of proximal third of navicular [scaphoid] bone of right wrist, subsequent encounter for fracture with delayed healing"
S72453F,"Displaced supracondylar fracture without intracondylar extension of lower end of unspecified femur, subsequent encounter for open fracture type IIIA, IIIB, or IIIC with routine healing"
F182,Inhalant dependence
T23771,null
S8252,Displaced fracture of medial malleolus of left tibia
S92202P,"Fracture of unspecified tarsal bone(s) of left foot, subsequent encounter for fracture with malunion"
S66104S,"Unspecified injury of flexor muscle, fascia and tendon of right ring finger at wrist and hand level, sequela"
S12001A,"Unspecified nondisplaced fracture of first cervical vertebra, initial encounter for closed fracture"
S82021K,"Displaced longitudinal fracture of right patella, subsequent encounter for closed fracture with nonunion"
S92122S,"Displaced fracture of body of left talus, sequela"
S30853A,"Superficial foreign body of scrotum and testes, initial encounter"
Y367X,War operations involving chemical weapons and other forms of unconventional warfare
S31110A,"Laceration without foreign body of abdominal wall, right upper quadrant without penetration into peritoneal cavity, initial encounter"
S52612,Displaced fracture of left ulna styloid process
S72445P,"Nondisplaced fracture of lower epiphysis (separation) of left femur, subsequent encounter for closed fracture with malunion"
O323XX4,"Maternal care for face, brow and chin presentation, fetus 4"
H35012,"Changes in retinal vascular appearance, left eye"
Q90,Down syndrome
J84111,"Idiopathic interstitial pneumonia, not otherwise specified"
S66491S,"Other specified injury of intrinsic muscle, fascia and tendon of right thumb at wrist and hand level, sequela"
S2232XS,"Fracture of one rib, left side, sequela"
X782XXA,"Intentional self-harm by sword or dagger, initial encounter"
N210,Calculus in bladder
T22331A,"Burn of third degree of right upper arm, initial encounter"
T673XXA,null
S336XXA,"Sprain of sacroiliac joint, initial encounter"
I824Z2,Acute embolism and thrombosis of unspecified deep veins of left distal lower extremity
H16101,"Unspecified superficial keratitis, right eye"
T462X3,"Poisoning by other antidysrhythmic drugs, assault"
M7751,Other enthesopathy of right foot
M8928,"Other disorders of bone development and growth, other site"
S82116C,"Nondisplaced fracture of unspecified tibial spine, initial encounter for open fracture type IIIA, IIIB, or IIIC"
T81511D,"Adhesions due to foreign body accidentally left in body following infusion or transfusion, subsequent encounter"
S82844C,"Nondisplaced bimalleolar fracture of right lower leg, initial encounter for open fracture type IIIA, IIIB, or IIIC"
M84344D,"Stress fracture, right finger(s), subsequent encounter for fracture with routine healing"
V81,Occupant of railway train or railway vehicle injured in transport accident
S1120,Unspecified open wound of pharynx and cervical esophagus
S35415S,"Laceration of left renal vein, sequela"
M50820,"Other cervical disc disorders, mid-cervical region, unspecified level"
S35292S,"Major laceration of branches of celiac and mesenteric artery, sequela"
S36119A,"Unspecified injury of liver, initial encounter"
S62241D,"Displaced fracture of shaft of first metacarpal bone, right hand, subsequent encounter for fracture with routine healing"
I680,Cerebral amyloid angiopathy
S83521S,"Sprain of posterior cruciate ligament of right knee, sequela"
S06336D,"Contusion and laceration of cerebrum, unspecified, with loss of consciousness greater than 24 hours without return to pre-existing conscious level with patient surviving, subsequent encounter"
T22739A,"Corrosion of third degree of unspecified upper arm, initial encounter"
T50A12A,"Poisoning by pertussis vaccine, including combinations with a pertussis component, intentional self-harm, initial encounter"
S42153D,"Displaced fracture of neck of scapula, unspecified shoulder, subsequent encounter for fracture with routine healing"
S80821,"Blister (nonthermal), right lower leg"
S3402,Concussion and edema of sacral spinal cord
S62242P,"Displaced fracture of shaft of first metacarpal bone, left hand, subsequent encounter for fracture with malunion"
I97110,Postprocedural cardiac insufficiency following cardiac surgery
M7689,"Other specified enthesopathies of lower limb, excluding foot"
V622XXA,"Person on outside of heavy transport vehicle injured in collision with two- or three-wheeled motor vehicle in nontraffic accident, initial encounter"
G0431,Postinfectious acute necrotizing hemorrhagic encephalopathy
M65222,"Calcific tendinitis, left upper arm"
F409,"Phobic anxiety disorder, unspecified"
W5919,Other contact with nonvenomous snake
S52615B,"Nondisplaced fracture of left ulna styloid process, initial encounter for open fracture type I or II"
Y389X2S,"Terrorism, secondary effects, civilian injured, sequela"
M02251,"Postimmunization arthropathy, right hip"
S42426K,"Nondisplaced comminuted supracondylar fracture without intercondylar fracture of unspecified humerus, subsequent encounter for fracture with nonunion"
S21251,Open bite of right back wall of thorax without penetration into thoracic cavity
Q429,"Congenital absence, atresia and stenosis of large intestine, part unspecified"
Z728,Other problems related to lifestyle
T452X4A,"Poisoning by vitamins, undetermined, initial encounter"
S83401,Sprain of unspecified collateral ligament of right knee
H05039,Periostitis of unspecified orbit
I63519,Cerebral infarction due to unspecified occlusion or stenosis of unspecified middle cerebral artery
O909,"Complication of the puerperium, unspecified"
S23163S,"Dislocation of T11/T12 thoracic vertebra, sequela"
S92515K,"Nondisplaced fracture of proximal phalanx of left lesser toe(s), subsequent encounter for fracture with nonunion"
T25112,Burn of first degree of left ankle
O361131,"Maternal care for Anti-A sensitization, third trimester, fetus 1"
E71313,Glutaric aciduria type II
T7611XA,"Adult physical abuse, suspected, initial encounter"
W51XXXD,"Accidental striking against or bumped into by another person, subsequent encounter"
S52371R,"Galeazzi's fracture of right radius, subsequent encounter for open fracture type IIIA, IIIB, or IIIC with malunion"
S43439,Superior glenoid labrum lesion of unspecified shoulder
L89111,"Pressure ulcer of right upper back, stage 1"
S82819S,"Torus fracture of upper end of unspecified fibula, sequela"
Y37271D,"Military operations involving fragments from weapons, civilian, subsequent encounter"
H348122,"Central retinal vein occlusion, left eye, stable"
T651X4D,"Toxic effect of strychnine and its salts, undetermined, subsequent encounter"
R40214,"Coma scale, eyes open, spontaneous"
S52561M,"Barton's fracture of right radius, subsequent encounter for open fracture type I or II with nonunion"
S82222E,"Displaced transverse fracture of shaft of left tibia, subsequent encounter for open fracture type I or II with routine healing"
O41142,"Placentitis, second trimester"
S39012D,"Strain of muscle, fascia and tendon of lower back, subsequent encounter"
S92312B,"Displaced fracture of first metatarsal bone, left foot, initial encounter for open fracture"
S72024P,"Nondisplaced fracture of epiphysis (separation) (upper) of right femur, subsequent encounter for closed fracture with malunion"
S62630D,"Displaced fracture of distal phalanx of right index finger, subsequent encounter for fracture with routine healing"
S63424D,"Traumatic rupture of palmar ligament of right ring finger at metacarpophalangeal and interphalangeal joint, subsequent encounter"
S45102,"Unspecified injury of brachial artery, left side"
S66115D,"Strain of flexor muscle, fascia and tendon of left ring finger at wrist and hand level, subsequent encounter"
S27321S,"Contusion of lung, unilateral, sequela"
S0101XD,"Laceration without foreign body of scalp, subsequent encounter"
M84639K,"Pathological fracture in other disease, unspecified ulna and radius, subsequent encounter for fracture with nonunion"
S3125XA,"Open bite of penis, initial encounter"
S72423B,"Displaced fracture of lateral condyle of unspecified femur, initial encounter for open fracture type I or II"
S52356F,"Nondisplaced comminuted fracture of shaft of radius, unspecified arm, subsequent encounter for open fracture type IIIA, IIIB, or IIIC with routine healing"
S90445,null
T227,"Corrosion of third degree of shoulder and upper limb, except wrist and hand"
S93692,Other sprain of left foot
S1244XA,"Type III traumatic spondylolisthesis of fifth cervical vertebra, initial encounter for closed fracture"
S66198A,"Other injury of flexor muscle, fascia and tendon of other finger at wrist and hand level, initial encounter"
S52335R,"Nondisplaced oblique fracture of shaft of left radius, subsequent encounter for open fracture type IIIA, IIIB, or IIIC with malunion"
R579,"Shock, unspecified"
H348131,"Central retinal vein occlusion, bilateral, with retinal neovascularization"
S62647B,"Nondisplaced fracture of proximal phalanx of left little finger, initial encounter for open fracture"
S2521XD,"Minor laceration of superior vena cava, subsequent encounter"
S42271D,"Torus fracture of upper end of right humerus, subsequent encounter for fracture with routine healing"
T17290,Other foreign object in pharynx causing asphyxiation
S52515M,"Nondisplaced fracture of left radial styloid process, subsequent encounter for open fracture type I or II with nonunion"
S5331XD,"Traumatic rupture of right ulnar collateral ligament, subsequent encounter"
S91121D,"Laceration with foreign body of right great toe without damage to nail, subsequent encounter"
S199XXS,"Unspecified injury of neck, sequela"
S7811,Complete traumatic amputation at level between hip and knee
V402XXS,"Person on outside of car injured in collision with pedestrian or animal in nontraffic accident, sequela"
T22032A,"Burn of unspecified degree of left upper arm, initial encounter"
T8620,Unspecified complication of heart transplant
S83211S,"Bucket-handle tear of medial meniscus, current injury, right knee, sequela"
S36490S,"Other injury of duodenum, sequela"
C925,null
K625,null
S82135M,"Nondisplaced fracture of medial condyle of left tibia, subsequent encounter for open fracture type I or II with nonunion"
S0195XD,"Open bite of unspecified part of head, subsequent encounter"
T3361,Superficial frostbite of right hip and thigh
R062,Wheezing
V243XXS,"Person boarding or alighting a motorcycle injured in collision with heavy transport vehicle or bus, sequela"
S82264M,"Nondisplaced segmental fracture of shaft of right tibia, subsequent encounter for open fracture type I or II with nonunion"
S82199E,"Other fracture of upper end of unspecified tibia, subsequent encounter for open fracture type I or II with routine healing"
S36419D,"Primary blast injury of unspecified part of small intestine, subsequent encounter"
T398X2,"Poisoning by other nonopioid analgesics and antipyretics, not elsewhere classified, intentional self-harm"
I019,"Acute rheumatic heart disease, unspecified"
S72365R,"Nondisplaced segmental fracture of shaft of left femur, subsequent encounter for open fracture type IIIA, IIIB, or IIIC with malunion"
S91155A,"Open bite of left lesser toe(s) without damage to nail, initial encounter"
S332XXS,"Dislocation of sacroiliac and sacrococcygeal joint, sequela"
S40879S,"Other superficial bite of unspecified upper arm, sequela"
A1831,Tuberculous peritonitis
O34522,"Maternal care for prolapse of gravid uterus, second trimester"
Z98810,Dental sealant status
G4720,"Circadian rhythm sleep disorder, unspecified type"
T63122,"Toxic effect of venom of other venomous lizard, intentional self-harm"
N8182,Incompetence or weakening of pubocervical tissue
S72464N,"Nondisplaced supracondylar fracture with intracondylar extension of lower end of right femur, subsequent encounter for open fracture type IIIA, IIIB, or IIIC with nonunion"
S20362D,"Insect bite (nonvenomous) of left front wall of thorax, subsequent encounter"
H17,Corneal scars and opacities
V9106,Burn due to (nonpowered) inflatable craft on fire
K764,Peliosis hepatis
B4089,Other forms of blastomycosis
T3499,Frostbite with tissue necrosis of other sites
O43121,"Velamentous insertion of umbilical cord, first trimester"
S72425P,"Nondisplaced fracture of lateral condyle of left femur, subsequent encounter for closed fracture with malunion"
M84363,"Stress fracture, right fibula"
S73043S,"Central subluxation of unspecified hip, sequela"
K832,Perforation of bile duct
M25429,"Effusion, unspecified elbow"
S12001,Unspecified nondisplaced fracture of first cervical vertebra
W34011,Accidental discharge of paintball gun
T82199A,"Other mechanical complication of unspecified cardiac device, initial encounter"
E103559,"Type 1 diabetes mellitus with stable proliferative diabetic retinopathy, unspecified eye"
H21211,"Degeneration of chamber angle, right eye"
M05821,Other rheumatoid arthritis with rheumatoid factor of right elbow
T81524A,"Obstruction due to foreign body accidentally left in body following endoscopic examination, initial encounter"
S52341N,"Displaced spiral fracture of shaft of radius, right arm, subsequent encounter for open fracture type IIIA, IIIB, or IIIC with nonunion"
T8501XA,"Breakdown (mechanical) of ventricular intracranial (communicating) shunt, initial encounter"
S65112A,"Laceration of radial artery at wrist and hand level of left arm, initial encounter"
Q121,Congenital displaced lens
M706,Trochanteric bursitis
S82466P,"Nondisplaced segmental fracture of shaft of unspecified fibula, subsequent encounter for closed fracture with malunion"
Y386X2A,"Terrorism involving biological weapons, civilian injured, initial encounter"
V7919XS,"Passenger on bus injured in collision with other motor vehicles in nontraffic accident, sequela"
M1A3311,"Chronic gout due to renal impairment, right wrist, with tophus (tophi)"
S7202,Fracture of epiphysis (separation) (upper) of femur
T34829A,"Frostbite with tissue necrosis of unspecified foot, initial encounter"
H47093,"Other disorders of optic nerve, not elsewhere classified, bilateral"
G4409,Other trigeminal autonomic cephalgias (TAC)
S52224A,"Nondisplaced transverse fracture of shaft of right ulna, initial encounter for closed fracture"
T532X2A,"Toxic effect of trichloroethylene, intentional self-harm, initial encounter"
X831XXS,"Intentional self-harm by electrocution, sequela"
H93241,"Temporary auditory threshold shift, right ear"
S37439D,"Laceration of ovary, unspecified, subsequent encounter"
M00151,"Pneumococcal arthritis, right hip"
S14158S,"Other incomplete lesion at C8 level of cervical spinal cord, sequela"
T23719A,"Corrosion of third degree of unspecified thumb (nail), initial encounter"
S83124A,"Posterior dislocation of proximal end of tibia, right knee, initial encounter"
M84539P,"Pathological fracture in neoplastic disease, unspecified ulna and radius, subsequent encounter for fracture with malunion"
B387,Disseminated coccidioidomycosis
S42462D,"Displaced fracture of medial condyle of left humerus, subsequent encounter for fracture with routine healing"
S060X1A,"Concussion with loss of consciousness of 30 minutes or less, initial encounter"
V182XXA,"Unspecified pedal cyclist injured in noncollision transport accident in nontraffic accident, initial encounter"
G2570,"Drug induced movement disorder, unspecified"
M00829,"Arthritis due to other bacteria, unspecified elbow"
T511X2A,"Toxic effect of methanol, intentional self-harm, initial encounter"
T63592S,"Toxic effect of contact with other venomous fish, intentional self-harm, sequela"
H7583,"Other specified disorders of middle ear and mastoid in diseases classified elsewhere, bilateral"
S5701XD,"Crushing injury of right elbow, subsequent encounter"
T2053XD,"Corrosion of first degree of chin, subsequent encounter"
M84364,"Stress fracture, left fibula"
F14,Cocaine related disorders
S43225A,"Posterior dislocation of left sternoclavicular joint, initial encounter"
S68712A,"Complete traumatic transmetacarpal amputation of left hand, initial encounter"
S58029,"Partial traumatic amputation at elbow level, unspecified arm"
H61101,"Unspecified noninfective disorders of pinna, right ear"
K08111,"Complete loss of teeth due to trauma, class I"
V9332XD,"Fall on board fishing boat, subsequent encounter"
A421,Abdominal actinomycosis
S42296S,"Other nondisplaced fracture of upper end of unspecified humerus, sequela"
S12150,Other traumatic displaced spondylolisthesis of second cervical vertebra
T2077,Corrosion of third degree of neck
S61337S,"Puncture wound without foreign body of left little finger with damage to nail, sequela"
T506X4A,"Poisoning by antidotes and chelating agents, undetermined, initial encounter"
S548X1A,"Injury of other nerves at forearm level, right arm, initial encounter"
S32484,Nondisplaced dome fracture of right acetabulum
V0302XS,"Pedestrian on skateboard injured in collision with car, pick-up truck or van in nontraffic accident, sequela"
R1083,Colic
T45602A,"Poisoning by unspecified fibrinolysis-affecting drugs, intentional self-harm, initial encounter"
T22322S,"Burn of third degree of left elbow, sequela"
C9311,"Chronic myelomonocytic leukemia, in remission"
T454X4S,"Poisoning by iron and its compounds, undetermined, sequela"
J930,Spontaneous tension pneumothorax
S12350K,"Other traumatic displaced spondylolisthesis of fourth cervical vertebra, subsequent encounter for fracture with nonunion"
S2241XB,"Multiple fractures of ribs, right side, initial encounter for open fracture"
V665XXS,"Driver of heavy transport vehicle injured in collision with other nonmotor vehicle in traffic accident, sequela"
M84611S,"Pathological fracture in other disease, right shoulder, sequela"
S45809A,"Unspecified injury of other specified blood vessels at shoulder and upper arm level, unspecified arm, initial encounter"
T50A14S,"Poisoning by pertussis vaccine, including combinations with a pertussis component, undetermined, sequela"
S5701XS,"Crushing injury of right elbow, sequela"
S92062P,"Displaced intraarticular fracture of left calcaneus, subsequent encounter for fracture with malunion"
S52366E,"Nondisplaced segmental fracture of shaft of radius, unspecified arm, subsequent encounter for open fracture type I or II with routine healing"
S66511,"Strain of intrinsic muscle, fascia and tendon of left index finger at wrist and hand level"
S92345G,"Nondisplaced fracture of fourth metatarsal bone, left foot, subsequent encounter for fracture with delayed healing"
M86031,"Acute hematogenous osteomyelitis, right radius and ulna"
T814XXA,"Infection following a procedure, initial encounter"
M8739,"Other secondary osteonecrosis, multiple sites"
S52326E,"Nondisplaced transverse fracture of shaft of unspecified radius, subsequent encounter for open fracture type I or II with routine healing"
S92045K,"Nondisplaced other fracture of tuberosity of left calcaneus, subsequent encounter for fracture with nonunion"
T464X1D,"Poisoning by angiotensin-converting-enzyme inhibitors, accidental (unintentional), subsequent encounter"
S83422D,"Sprain of lateral collateral ligament of left knee, subsequent encounter"
Q7240,Longitudinal reduction defect of unspecified femur
S86029D,"Laceration of unspecified Achilles tendon, subsequent encounter"
M61159,"Myositis ossificans progressiva, unspecified thigh"
K5731,Diverticulosis of large intestine without perforation or abscess with bleeding
T2365,Corrosion of second degree of palm
Z1283,Encounter for screening for malignant neoplasm of skin
O292,null
N8183,Incompetence or weakening of rectovaginal tissue
M1487,"Arthropathies in other specified diseases classified elsewhere, ankle and foot"
C8284,"Other types of follicular lymphoma, lymph nodes of axilla and upper limb"
S20379A,"Other superficial bite of unspecified front wall of thorax, initial encounter"
S92525P,"Nondisplaced fracture of medial phalanx of left lesser toe(s), subsequent encounter for fracture with malunion"
M4142,"Neuromuscular scoliosis, cervical region"
N056,Unspecified nephritic syndrome with dense deposit disease
T23771,Corrosion of third degree of right wrist
S7510,Unspecified injury of femoral vein at hip and thigh level
M62121,"Other rupture of muscle (nontraumatic), right upper arm"
T84059S,"Periprosthetic osteolysis of unspecified internal prosthetic joint, sequela"
S92123D,"Displaced fracture of body of unspecified talus, subsequent encounter for fracture with routine healing"
V559XXA,"Unspecified occupant of pick-up truck or van injured in collision with railway train or railway vehicle in traffic accident, initial encounter"
S51859D,"Open bite of unspecified forearm, subsequent encounter"
S86802D,"Unspecified injury of other muscle(s) and tendon(s) at lower leg level, left leg, subsequent encounter"
H838X3,"Other specified diseases of inner ear, bilateral"
T333XXA,"Superficial frostbite of abdominal wall, lower back and pelvis, initial encounter"
R10813,Right lower quadrant abdominal tenderness
S65392,Other specified injury of deep palmar arch of left hand
O9953,Diseases of the respiratory system complicating the puerperium
S92055A,"Nondisplaced other extraarticular fracture of left calcaneus, initial encounter for closed fracture"
S66112D,"Strain of flexor muscle, fascia and tendon of right middle finger at wrist and hand level, subsequent encounter"
S68121S,"Partial traumatic metacarpophalangeal amputation of left index finger, sequela"
S75202S,"Unspecified injury of greater saphenous vein at hip and thigh level, left leg, sequela"
M1A221,"Drug-induced chronic gout, right elbow"
M93272,"Osteochondritis dissecans, left ankle and joints of left foot"
Z437,Encounter for attention to artificial vagina
S90931A,"Unspecified superficial injury of right great toe, initial encounter"
K8081,Other cholelithiasis with obstruction
T43601,"Poisoning by unspecified psychostimulants, accidental (unintentional)"
P960,Congenital renal failure
Y93A,Activities involving other cardiorespiratory exercise
H2605,Posterior subcapsular polar infantile and juvenile cataract
S31839A,"Unspecified open wound of anus, initial encounter"
Z87720,Personal history of (corrected) congenital malformations of eye
D25,Leiomyoma of uterus
S92025,Nondisplaced fracture of anterior process of left calcaneus
Y37251D,"Military operations involving fragments from munitions, civilian, subsequent encounter"
S32599B,"Other specified fracture of unspecified pubis, initial encounter for open fracture"
S2591XD,"Laceration of unspecified blood vessel of thorax, subsequent encounter"
M2141,"Flat foot [pes planus] (acquired), right foot"
S13150,null
D3192,Benign neoplasm of unspecified part of left eye
S61313,Laceration without foreign body of left middle finger with damage to nail
L559,"Sunburn, unspecified"
T48903S,"Poisoning by unspecified agents primarily acting on the respiratory system, assault, sequela"
E13339,Other specified diabetes mellitus with moderate nonproliferative diabetic retinopathy without macular edema
E09331,Drug or chemical induced diabetes mellitus with moderate nonproliferative diabetic retinopathy with macular edema
S68119D,"Complete traumatic metacarpophalangeal amputation of unspecified finger, subsequent encounter"
O9A519,"Psychological abuse complicating pregnancy, unspecified trimester"
S66505,"Unspecified injury of intrinsic muscle, fascia and tendon of left ring finger at wrist and hand level"
S53033D,"Nursemaid's elbow, unspecified elbow, subsequent encounter"
S2329XD,"Dislocation of other parts of thorax, subsequent encounter"
T22361S,"Burn of third degree of right scapular region, sequela"
S069X0D,"Unspecified intracranial injury without loss of consciousness, subsequent encounter"
M8737,"Other secondary osteonecrosis, ankle and foot"
S63691S,"Other sprain of left index finger, sequela"
S63691S,null
S40261A,"Insect bite (nonvenomous) of right shoulder, initial encounter"
S025XXA,"Fracture of tooth (traumatic), initial encounter for closed fracture"
T4142,"Poisoning by unspecified anesthetic, intentional self-harm"
S34113D,"Complete lesion of L3 level of lumbar spinal cord, subsequent encounter"
S72401P,"Unspecified fracture of lower end of right femur, subsequent encounter for closed fracture with malunion"
S59242P,"Salter-Harris Type IV physeal fracture of lower end of radius, left arm, subsequent encounter for fracture with malunion"
S72123S,"Displaced fracture of lesser trochanter of unspecified femur, sequela"
S68120,Partial traumatic metacarpophalangeal amputation of right index finger
J84115,Respiratory bronchiolitis interstitial lung disease
H65199,"Other acute nonsuppurative otitis media, unspecified ear"
Z2912,Encounter for prophylactic antivenin
S63279S,"Dislocation of unspecified interphalangeal joint of unspecified finger, sequela"
V601XXS,"Passenger in heavy transport vehicle injured in collision with pedestrian or animal in nontraffic accident, sequela"
S82451B,"Displaced comminuted fracture of shaft of right fibula, initial encounter for open fracture type I or II"
V9349XA,"Struck by falling object on unspecified watercraft, initial encounter"
Y37470,"Military operations involving unintentional restriction of air and airway, military personnel"
V0100XD,"Pedestrian on foot injured in collision with pedal cycle in nontraffic accident, subsequent encounter"
L97514,Non-pressure chronic ulcer of other part of right foot with necrosis of bone
T43623S,"Poisoning by amphetamines, assault, sequela"
S0502,"Injury of conjunctiva and corneal abrasion without foreign body, left eye"
S61310A,"Laceration without foreign body of right index finger with damage to nail, initial encounter"
T23769A,"Corrosion of third degree back of unspecified hand, initial encounter"
F172,Nicotine dependence
S01551D,"Open bite of lip, subsequent encounter"
V5960XA,"Unspecified occupant of pick-up truck or van injured in collision with unspecified motor vehicles in traffic accident, initial encounter"
M61459,"Other calcification of muscle, unspecified thigh"
M01X31,Direct infection of right wrist in infectious and parasitic diseases classified elsewhere
T39315,Adverse effect of propionic acid derivatives
P941,Congenital hypertonia
S82402G,"Unspecified fracture of shaft of left fibula, subsequent encounter for closed fracture with delayed healing"
M080,Unspecified juvenile rheumatoid arthritis
R439,Unspecified disturbances of smell and taste
T483X3A,"Poisoning by antitussives, assault, initial encounter"
O3671X0,"Maternal care for viable fetus in abdominal pregnancy, first trimester, not applicable or unspecified"
Z021,Encounter for pre-employment examination
R2242,"Localized swelling, mass and lump, left lower limb"
S249XXS,"Injury of unspecified nerve of thorax, sequela"
S82856J,"Nondisplaced trimalleolar fracture of unspecified lower leg, subsequent encounter for open fracture type IIIA, IIIB, or IIIC with delayed healing"
S63642A,"Sprain of metacarpophalangeal joint of left thumb, initial encounter"
S22012B,"Unstable burst fracture of first thoracic vertebra, initial encounter for open fracture"
I69112,Visuospatial deficit and spatial neglect following nontraumatic intracerebral hemorrhage
S99009B,"Unspecified physeal fracture of unspecified calcaneus, initial encounter for open fracture"
H21553,"Recession of chamber angle, bilateral"
V2910XA,"Motorcycle passenger injured in collision with unspecified motor vehicles in nontraffic accident, initial encounter"
T2671,Corrosion with resulting rupture and destruction of right eyeball
T533X1S,"Toxic effect of tetrachloroethylene, accidental (unintentional), sequela"
S56999D,"Other injury of unspecified muscles, fascia and tendons at forearm level, unspecified arm, subsequent encounter"
F3161,"Bipolar disorder, current episode mixed, mild"
S659,Injury of unspecified blood vessel at wrist and hand level
S42232A,"3-part fracture of surgical neck of left humerus, initial encounter for closed fracture"
G468,Other vascular syndromes of brain in cerebrovascular diseases
B0059,Other herpesviral disease of eye
S272,Traumatic hemopneumothorax
S82253R,"Displaced comminuted fracture of shaft of unspecified tibia, subsequent encounter for open fracture type IIIA, IIIB, or IIIC with malunion"
I79,"Disorders of arteries, arterioles and capillaries in diseases classified elsewhere"
I69228,Other speech and language deficits following other nontraumatic intracranial hemorrhage
V403XXD,"Unspecified car occupant injured in collision with pedestrian or animal in nontraffic accident, subsequent encounter"
H10813,"Pingueculitis, bilateral"
T2274,Corrosion of third degree of axilla
T71222,"Asphyxiation due to being trapped in a car trunk, intentional self-harm"
O411490,"Placentitis, unspecified trimester, not applicable or unspecified"
S59099P,"Other physeal fracture of lower end of ulna, unspecified arm, subsequent encounter for fracture with malunion"
S75109A,"Unspecified injury of femoral vein at hip and thigh level, unspecified leg, initial encounter"
T500X3D,"Poisoning by mineralocorticoids and their antagonists, assault, subsequent encounter"
S948X2S,"Injury of other nerves at ankle and foot level, left leg, sequela"
S38211,Complete traumatic amputation of female external genital organs
R300,Dysuria
S76891A,"Other injury of other specified muscles, fascia and tendons at thigh level, right thigh, initial encounter"
S93132D,"Subluxation of interphalangeal joint of left great toe, subsequent encounter"
S99249B,"Salter-Harris Type IV physeal fracture of phalanx of unspecified toe, initial encounter for open fracture"
I25769,Atherosclerosis of bypass graft of coronary artery of transplanted heart with unspecified angina pectoris
H3516,"Retinopathy of prematurity, stage 5"
Z903,Acquired absence of stomach [part of]
W1642XD,"Fall into unspecified water causing other injury, subsequent encounter"
R871,Abnormal level of hormones in specimens from female genital organs
D1802,Hemangioma of intracranial structures
S52125G,"Nondisplaced fracture of head of left radius, subsequent encounter for closed fracture with delayed healing"
V9039,Drowning and submersion due to falling or jumping from crushed unspecified watercraft
Z96622,Presence of left artificial elbow joint
V1900XD,"Pedal cycle driver injured in collision with unspecified motor vehicles in nontraffic accident, subsequent encounter"
S91115,Laceration without foreign body of left lesser toe(s) without damage to nail
S72301R,"Unspecified fracture of shaft of right femur, subsequent encounter for open fracture type IIIA, IIIB, or IIIC with malunion"
G375,Concentric sclerosis [Balo] of central nervous system
T465X2,"Poisoning by other antihypertensive drugs, intentional self-harm"
S72131B,"Displaced apophyseal fracture of right femur, initial encounter for open fracture type I or II"
S23163D,"Dislocation of T11/T12 thoracic vertebra, subsequent encounter"
S8290XJ,"Unspecified fracture of unspecified lower leg, subsequent encounter for open fracture type IIIA, IIIB, or IIIC with delayed healing"
S52201J,"Unspecified fracture of shaft of right ulna, subsequent encounter for open fracture type IIIA, IIIB, or IIIC with delayed healing"
M23331,"Other meniscus derangements, other medial meniscus, right knee"
S42435K,"Nondisplaced fracture (avulsion) of lateral epicondyle of left humerus, subsequent encounter for fracture with nonunion"
T413X6S,"Underdosing of local anesthetics, sequela"
S37531D,"Laceration of fallopian tube, unilateral, subsequent encounter"
S82265H,"Nondisplaced segmental fracture of shaft of left tibia, subsequent encounter for open fracture type I or II with delayed healing"
S0082XA,"Blister (nonthermal) of other part of head, initial encounter"
S89109A,"Unspecified physeal fracture of lower end of unspecified tibia, initial encounter for closed fracture"
S61239S,null
Y92039,Unspecified place in apartment as the place of occurrence of the external cause
S52009P,"Unspecified fracture of upper end of unspecified ulna, subsequent encounter for closed fracture with malunion"
Y37250D,"Military operations involving fragments from munitions, military personnel, subsequent encounter"
T3462XS,"Frostbite with tissue necrosis of left hip and thigh, sequela"
I70503,"Unspecified atherosclerosis of nonautologous biological bypass graft(s) of the extremities, bilateral legs"
S92312K,"Displaced fracture of first metatarsal bone, left foot, subsequent encounter for fracture with nonunion"
S76229,"Laceration of adductor muscle, fascia and tendon of unspecified thigh"
S52354,"Nondisplaced comminuted fracture of shaft of radius, right arm"
O368931,"Maternal care for other specified fetal problems, third trimester, fetus 1"
R402232,"Coma scale, best verbal response, inappropriate words, at arrival to emergency department"
S66595S,"Other injury of intrinsic muscle, fascia and tendon of left ring finger at wrist and hand level, sequela"
O9A413,"Sexual abuse complicating pregnancy, third trimester"
S12331B,"Unspecified traumatic nondisplaced spondylolisthesis of fourth cervical vertebra, initial encounter for open fracture"
W200XXS,"Struck by falling object in cave-in, sequela"
S72479P,"Torus fracture of lower end of unspecified femur, subsequent encounter for fracture with malunion"
S13150,Subluxation of C4/C5 cervical vertebrae
S82221A,"Displaced transverse fracture of shaft of right tibia, initial encounter for closed fracture"
V672XXA,"Person on outside of heavy transport vehicle injured in collision with fixed or stationary object in nontraffic accident, initial encounter"
M80059P,"Age-related osteoporosis with current pathological fracture, unspecified femur, subsequent encounter for fracture with malunion"
M14621,"Charcot's joint, right elbow"
S52501G,"Unspecified fracture of the lower end of right radius, subsequent encounter for closed fracture with delayed healing"
Y37250D,null
S63291D,"Dislocation of distal interphalangeal joint of left index finger, subsequent encounter"
S92322K,"Displaced fracture of second metatarsal bone, left foot, subsequent encounter for fracture with nonunion"
C84A0,"Cutaneous T-cell lymphoma, unspecified, unspecified site"
Y37411S,"Military operations involving rubber bullets, civilian, sequela"
S36503A,"Unspecified injury of sigmoid colon, initial encounter"
S92499D,"Other fracture of unspecified great toe, subsequent encounter for fracture with routine healing"
S79119,Salter-Harris Type I physeal fracture of lower end of unspecified femur
S34113,Complete lesion of L3 level of lumbar spinal cord
S35513,Injury of unspecified iliac artery
S61320A,"Laceration with foreign body of right index finger with damage to nail, initial encounter"
S63617S,"Unspecified sprain of left little finger, sequela"
V123XXA,"Person boarding or alighting a pedal cycle injured in collision with two- or three-wheeled motor vehicle, initial encounter"
M26623,Arthralgia of bilateral temporomandibular joint
H0441,Chronic dacryocystitis
S5320XS,"Traumatic rupture of unspecified radial collateral ligament, sequela"
M90651,"Osteitis deformans in neoplastic diseases, right thigh"
T378X6A,"Underdosing of other specified systemic anti-infectives and antiparasitics, initial encounter"
T272XXD,"Burn of other parts of respiratory tract, subsequent encounter"
S8362XD,"Sprain of the superior tibiofibular joint and ligament, left knee, subsequent encounter"
C84A5,"Cutaneous T-cell lymphoma, unspecified, lymph nodes of inguinal region and lower limb"
Q446,Cystic disease of liver
Y36221A,"War operations involving explosion of guided missile, civilian, initial encounter"
S31531,"Puncture wound without foreign body of unspecified external genital organs, male"
M25042,"Hemarthrosis, left hand"
S36530A,"Laceration of ascending [right] colon, initial encounter"
S95202D,"Unspecified injury of dorsal vein of left foot, subsequent encounter"
S09301D,"Unspecified injury of right middle and inner ear, subsequent encounter"
L02434,Carbuncle of left upper limb
S82024R,"Nondisplaced longitudinal fracture of right patella, subsequent encounter for open fracture type IIIA, IIIB, or IIIC with malunion"
M080,null
H44519,"Absolute glaucoma, unspecified eye"
S92502P,"Displaced unspecified fracture of left lesser toe(s), subsequent encounter for fracture with malunion"
S56509A,"Unspecified injury of other extensor muscle, fascia and tendon at forearm level, unspecified arm, initial encounter"
C8239,"Follicular lymphoma grade IIIa, extranodal and solid organ sites"
S63412,Traumatic rupture of collateral ligament of right middle finger at metacarpophalangeal and interphalangeal joint
B3784,Candidal otitis externa
S92536P,"Nondisplaced fracture of distal phalanx of unspecified lesser toe(s), subsequent encounter for fracture with malunion"
S31630A,"Puncture wound without foreign body of abdominal wall, right upper quadrant with penetration into peritoneal cavity, initial encounter"
S7290XA,"Unspecified fracture of unspecified femur, initial encounter for closed fracture"
S7290XD,"Unspecified fracture of unspecified femur, subsequent encounter for closed fracture with routine healing"
S00221A,"Blister (nonthermal) of right eyelid and periocular area, initial encounter"
S61241A,"Puncture wound with foreign body of left index finger without damage to nail, initial encounter"
S99029,Salter-Harris Type II physeal fracture of unspecified calcaneus
M67221,"Synovial hypertrophy, not elsewhere classified, right upper arm"
S298XXA,"Other specified injuries of thorax, initial encounter"
S2046,Insect bite (nonvenomous) of back wall of thorax
S90911D,"Unspecified superficial injury of right ankle, subsequent encounter"
S63034D,"Dislocation of midcarpal joint of right wrist, subsequent encounter"
H01122,Discoid lupus erythematosus of right lower eyelid
S82024K,"Nondisplaced longitudinal fracture of right patella, subsequent encounter for closed fracture with nonunion"
S82873J,"Displaced pilon fracture of unspecified tibia, subsequent encounter for open fracture type IIIA, IIIB, or IIIC with delayed healing"
H4004,Steroid responder
S52044B,null
Y35013D,"Legal intervention involving injury by machine gun, suspect injured, subsequent encounter"
S92353K,"Displaced fracture of fifth metatarsal bone, unspecified foot, subsequent encounter for fracture with nonunion"
F308,Other manic episodes
M13112,"Monoarthritis, not elsewhere classified, left shoulder"
T17898A,"Other foreign object in other parts of respiratory tract causing other injury, initial encounter"
S59099S,"Other physeal fracture of lower end of ulna, unspecified arm, sequela"
M66145,"Rupture of synovium, left finger(s)"
S62317D,"Displaced fracture of base of fifth metacarpal bone. left hand, subsequent encounter for fracture with routine healing"
T2039XS,"Burn of third degree of multiple sites of head, face, and neck, sequela"
Y3549,Legal intervention involving other sharp objects
S02113,Unspecified occipital condyle fracture
T2107XA,"Burn of unspecified degree of female genital region, initial encounter"
S4390,Sprain of unspecified parts of unspecified shoulder girdle
S710,Open wound of hip
S82263B,"Displaced segmental fracture of shaft of unspecified tibia, initial encounter for open fracture type I or II"
T4690,"Poisoning by, adverse effect of and underdosing of unspecified agents primarily affecting the cardiovascular system"
S82302K,"Unspecified fracture of lower end of left tibia, subsequent encounter for closed fracture with nonunion"
V7959,Passenger on bus injured in collision with other motor vehicles in traffic accident
M84639A,"Pathological fracture in other disease, unspecified ulna and radius, initial encounter for fracture"
R8762,Abnormal cytological findings in specimens from vagina
Y635,Inappropriate temperature in local application and packing
S43203D,"Unspecified subluxation of unspecified sternoclavicular joint, subsequent encounter"
S23163D,null
O3101X2,"Papyraceous fetus, first trimester, fetus 2"
Y92812,Truck as the place of occurrence of the external cause
T22632,Corrosion of second degree of left upper arm
T46994A,"Poisoning by other agents primarily affecting the cardiovascular system, undetermined, initial encounter"
M06031,"Rheumatoid arthritis without rheumatoid factor, right wrist"
S82142R,"Displaced bicondylar fracture of left tibia, subsequent encounter for open fracture type IIIA, IIIB, or IIIC with malunion"
O084,Renal failure following ectopic and molar pregnancy
S92499D,null
S21451S,"Open bite of right back wall of thorax with penetration into thoracic cavity, sequela"
T476X6D,"Underdosing of antidiarrheal drugs, subsequent encounter"
Z77028,Contact with and (suspected) exposure to other hazardous aromatic compounds
M1043,"Other secondary gout, wrist"
V626XXA,"Passenger in heavy transport vehicle injured in collision with two- or three-wheeled motor vehicle in traffic accident, initial encounter"
S45109S,"Unspecified injury of brachial artery, unspecified side, sequela"
S61239S,"Puncture wound without foreign body of unspecified finger without damage to nail, sequela"
S66219A,"Strain of extensor muscle, fascia and tendon of unspecified thumb at wrist and hand level, initial encounter"
V472,Person on outside of car injured in collision with fixed or stationary object in nontraffic accident
S12631,Unspecified traumatic nondisplaced spondylolisthesis of seventh cervical vertebra
S30877A,"Other superficial bite of anus, initial encounter"
H4043,"Glaucoma secondary to eye inflammation, bilateral"
S43151S,"Posterior dislocation of right acromioclavicular joint, sequela"
S48029A,"Partial traumatic amputation at unspecified shoulder joint, initial encounter"
Z89519,Acquired absence of unspecified leg below knee
Z1630,Resistance to unspecified antimicrobial drugs
V669XXD,"Unspecified occupant of heavy transport vehicle injured in collision with other nonmotor vehicle in traffic accident, subsequent encounter"
S52123G,"Displaced fracture of head of unspecified radius, subsequent encounter for closed fracture with delayed healing"
A5602,Chlamydial vulvovaginitis
O10911,"Unspecified pre-existing hypertension complicating pregnancy, first trimester"
S22052S,"Unstable burst fracture of T5-T6 vertebra, sequela"
M9721XD,"Periprosthetic fracture around internal prosthetic right ankle joint, subsequent encounter"
T63031D,"Toxic effect of taipan venom, accidental (unintentional), subsequent encounter"
M08969,"Juvenile arthritis, unspecified, unspecified knee"
S21149D,"Puncture wound with foreign body of unspecified front wall of thorax without penetration into thoracic cavity, subsequent encounter"
S98222,Partial traumatic amputation of two or more left lesser toes
S37022D,"Major contusion of left kidney, subsequent encounter"
S63043,Subluxation of carpometacarpal joint of unspecified thumb
S21252,Open bite of left back wall of thorax without penetration into thoracic cavity
S6620,"Unspecified injury of extensor muscle, fascia and tendon of thumb at wrist and hand level"
S2034,External constriction of front wall of thorax
T385X3D,"Poisoning by other estrogens and progestogens, assault, subsequent encounter"
S52391H,"Other fracture of shaft of radius, right arm, subsequent encounter for open fracture type I or II with delayed healing"
S72063R,"Displaced articular fracture of head of unspecified femur, subsequent encounter for open fracture type IIIA, IIIB, or IIIC with malunion"
V3949XD,"Driver of three-wheeled motor vehicle injured in collision with other motor vehicles in traffic accident, subsequent encounter"
H44652,"Retained (old) magnetic foreign body in vitreous body, left eye"
S61330A,"Puncture wound without foreign body of right index finger with damage to nail, initial encounter"
S62235D,"Other nondisplaced fracture of base of first metacarpal bone, left hand, subsequent encounter for fracture with routine healing"
G43D,Abdominal migraine
H21561,"Pupillary abnormality, right eye"
H0270,Unspecified degenerative disorders of eyelid and periocular area
W6169,Other contact with duck
E09329,Drug or chemical induced diabetes mellitus with mild nonproliferative diabetic retinopathy without macular edema
X3908XA,"Exposure to other natural radiation, initial encounter"
S93409,Sprain of unspecified ligament of unspecified ankle
S5182,Laceration with foreign body of forearm
S97119A,"Crushing injury of unspecified great toe, initial encounter"
S49122,"Salter-Harris Type II physeal fracture of lower end of humerus, left arm"
S14108,Unspecified injury at C8 level of cervical spinal cord
V00211S,"Fall from ice-skates, sequela"
V9000XA,"Drowning and submersion due to merchant ship overturning, initial encounter"
T563X3A,"Toxic effect of cadmium and its compounds, assault, initial encounter"
T510X,null
S92254S,"Nondisplaced fracture of navicular [scaphoid] of right foot, sequela"
S56423D,"Laceration of extensor muscle, fascia and tendon of right middle finger at forearm level, subsequent encounter"
S3097,"Unspecified superficial injury of unspecified external genital organs, female"
S5292,Unspecified fracture of left forearm
M02821,"Other reactive arthropathies, right elbow"
H60519,"Acute actinic otitis externa, unspecified ear"
S20429A,"Blister (nonthermal) of unspecified back wall of thorax, initial encounter"
S34139D,"Unspecified injury to sacral spinal cord, subsequent encounter"
V280XXA,"Motorcycle driver injured in noncollision transport accident in nontraffic accident, initial encounter"
E1122,Type 2 diabetes mellitus with diabetic chronic kidney disease
T22261A,"Burn of second degree of right scapular region, initial encounter"
C459,"Mesothelioma, unspecified"
S72416B,"Nondisplaced unspecified condyle fracture of lower end of unspecified femur, initial encounter for open fracture type I or II"
V610XXD,"Driver of heavy transport vehicle injured in collision with pedal cycle in nontraffic accident, subsequent encounter"
S06358A,"Traumatic hemorrhage of left cerebrum with loss of consciousness of any duration with death due to other cause prior to regaining consciousness, initial encounter"
S0910XA,"Unspecified injury of muscle and tendon of head, initial encounter"
S22010D,"Wedge compression fracture of first thoracic vertebra, subsequent encounter for fracture with routine healing"
S62395D,"Other fracture of fourth metacarpal bone, left hand, subsequent encounter for fracture with routine healing"
S9699,Other specified injury of unspecified muscle and tendon at ankle and foot level
T5294,"Toxic effect of unspecified organic solvent, undetermined"
W3182XD,"Contact with other commercial machinery, subsequent encounter"
T2055,Corrosion of first degree of scalp [any part]
M84433,"Pathological fracture, right radius"
S53113S,"Anterior subluxation of unspecified ulnohumeral joint, sequela"
M1630,"Unilateral osteoarthritis resulting from hip dysplasia, unspecified hip"
T22439S,"Corrosion of unspecified degree of unspecified upper arm, sequela"
S53001D,"Unspecified subluxation of right radial head, subsequent encounter"
W6129XS,"Other contact with other psittacines, sequela"
S0101,Laceration without foreign body of scalp
P0735,"Preterm newborn, gestational age 32 completed weeks"
Y35402S,"Legal intervention involving unspecified sharp objects, bystander injured, sequela"
L903,Atrophoderma of Pasini and Pierini
Q450,"Agenesis, aplasia and hypoplasia of pancreas"
M8928,null
T473X1A,"Poisoning by saline and osmotic laxatives, accidental (unintentional), initial encounter"
C50219,Malignant neoplasm of upper-inner quadrant of unspecified female breast
S68722S,"Partial traumatic transmetacarpal amputation of left hand, sequela"
S66508A,"Unspecified injury of intrinsic muscle, fascia and tendon of other finger at wrist and hand level, initial encounter"
S8780XD,null
S92351G,"Displaced fracture of fifth metatarsal bone, right foot, subsequent encounter for fracture with delayed healing"
O99213,"Obesity complicating pregnancy, third trimester"
I6320,Cerebral infarction due to unspecified occlusion or stenosis of unspecified precerebral arteries
V159XXS,"Unspecified pedal cyclist injured in collision with railway train or railway vehicle in traffic accident, sequela"
L589,"Radiodermatitis, unspecified"
C8107,"Nodular lymphocyte predominant Hodgkin lymphoma, spleen"
M08912,"Juvenile arthritis, unspecified, left shoulder"
M403,null
S82221G,"Displaced transverse fracture of shaft of right tibia, subsequent encounter for closed fracture with delayed healing"
S35403A,"Unspecified injury of unspecified renal artery, initial encounter"
H40112,"Primary open-angle glaucoma, left eye"
M488X8,"Other specified spondylopathies, sacral and sacrococcygeal region"
T364X6D,"Underdosing of tetracyclines, subsequent encounter"
T510X,Toxic effect of ethanol
S81821S,"Laceration with foreign body, right lower leg, sequela"
T63482D,"Toxic effect of venom of other arthropod, intentional self-harm, subsequent encounter"
S59812,Other specified injuries left forearm
T43604,"Poisoning by unspecified psychostimulants, undetermined"
I69361,Other paralytic syndrome following cerebral infarction affecting right dominant side
S65391,Other specified injury of deep palmar arch of right hand
S56109D,null
S63232D,"Subluxation of proximal interphalangeal joint of right middle finger, subsequent encounter"
S90445,"External constriction, left lesser toe(s)"
S90572S,"Other superficial bite of ankle, left ankle, sequela"
T1810,Unspecified foreign body in esophagus
S62254S,"Nondisplaced fracture of neck of first metacarpal bone, right hand, sequela"
M80841S,"Other osteoporosis with current pathological fracture, right hand, sequela"
B2790,"Infectious mononucleosis, unspecified without complication"
T17320,Food in larynx causing asphyxiation
S72362J,"Displaced segmental fracture of shaft of left femur, subsequent encounter for open fracture type IIIA, IIIB, or IIIC with delayed healing"
H44822,"Luxation of globe, left eye"
T22452A,"Corrosion of unspecified degree of left shoulder, initial encounter"
O748,Other complications of anesthesia during labor and delivery
S42142K,"Displaced fracture of glenoid cavity of scapula, left shoulder, subsequent encounter for fracture with nonunion"
S8262XK,"Displaced fracture of lateral malleolus of left fibula, subsequent encounter for closed fracture with nonunion"
S72413R,"Displaced unspecified condyle fracture of lower end of unspecified femur, subsequent encounter for open fracture type IIIA, IIIB, or IIIC with malunion"
S62121,"Displaced fracture of lunate [semilunar], right wrist"
S78919S,"Complete traumatic amputation of unspecified hip and thigh, level unspecified, sequela"
T472X2S,"Poisoning by stimulant laxatives, intentional self-harm, sequela"
S3201,Fracture of first lumbar vertebra
S36898D,"Other injury of other intra-abdominal organs, subsequent encounter"
S84801A,"Injury of other nerves at lower leg level, right leg, initial encounter"
H53019,"Deprivation amblyopia, unspecified eye"
M89242,"Other disorders of bone development and growth, left hand"
V452XXA,"Person on outside of car injured in collision with railway train or railway vehicle in nontraffic accident, initial encounter"
Q7181,Congenital shortening of upper limb
S59139A,"Salter-Harris Type III physeal fracture of upper end of radius, unspecified arm, initial encounter for closed fracture"
S56109D,"Unspecified injury of flexor muscle, fascia and tendon of unspecified finger at forearm level, subsequent encounter"
S134XXD,"Sprain of ligaments of cervical spine, subsequent encounter"
M5412,"Radiculopathy, cervical region"
Y0702,"Wife, perpetrator of maltreatment and neglect"
M67239,"Synovial hypertrophy, not elsewhere classified, unspecified forearm"
Y93K3,"Activity, grooming and shearing an animal"
T84090,Other mechanical complication of internal right hip prosthesis
S81002D,"Unspecified open wound, left knee, subsequent encounter"
S82875B,"Nondisplaced pilon fracture of left tibia, initial encounter for open fracture type I or II"
T4991XS,"Poisoning by unspecified topical agent, accidental (unintentional), sequela"
E71541,Zellweger-like syndrome
H4321,"Crystalline deposits in vitreous body, right eye"
W2131XA,"Struck by shoe cleats, initial encounter"
V902,Drowning and submersion due to falling or jumping from burning watercraft
S11011,Laceration without foreign body of larynx
V00838D,"Other accident with motorized mobility scooter, subsequent encounter"
I69134,Monoplegia of upper limb following nontraumatic intracerebral hemorrhage affecting left non-dominant side
G4089,Other seizures
S20119D,"Abrasion of breast, unspecified breast, subsequent encounter"
V9109XD,"Burn due to unspecified watercraft on fire, subsequent encounter"
S49191K,"Other physeal fracture of lower end of humerus, right arm, subsequent encounter for fracture with nonunion"
S00242,External constriction of left eyelid and periocular area
T43631D,"Poisoning by methylphenidate, accidental (unintentional), subsequent encounter"
S32613G,"Displaced avulsion fracture of unspecified ischium, subsequent encounter for fracture with delayed healing"
H3533,Angioid streaks of macula
T480X1A,"Poisoning by oxytocic drugs, accidental (unintentional), initial encounter"
T84293A,"Other mechanical complication of internal fixation device of bones of foot and toes, initial encounter"
S83200A,"Bucket-handle tear of unspecified meniscus, current injury, right knee, initial encounter"
S52034B,"Nondisplaced fracture of olecranon process with intraarticular extension of right ulna, initial encounter for open fracture type I or II"
H02811,Retained foreign body in right upper eyelid
H15059,"Scleromalacia perforans, unspecified eye"
T18198S,"Other foreign object in esophagus causing other injury, sequela"
T1510XD,"Foreign body in conjunctival sac, unspecified eye, subsequent encounter"
H2713,Posterior dislocation of lens
S82125G,"Nondisplaced fracture of lateral condyle of left tibia, subsequent encounter for closed fracture with delayed healing"
H0501,Cellulitis of orbit
T23152,Burn of first degree of left palm
S32484,null
M12869,"Other specific arthropathies, not elsewhere classified, unspecified knee"
M4145,"Neuromuscular scoliosis, thoracolumbar region"
K294,Chronic atrophic gastritis
W6121,Bitten by other psittacines
V645XXD,"Driver of heavy transport vehicle injured in collision with heavy transport vehicle or bus in traffic accident, subsequent encounter"
S62022,Displaced fracture of middle third of navicular [scaphoid] bone of left wrist
M1A09,"Idiopathic chronic gout, multiple sites"
S880,Traumatic amputation at knee level
S72466F,"Nondisplaced supracondylar fracture with intracondylar extension of lower end of unspecified femur, subsequent encounter for open fracture type IIIA, IIIB, or IIIC with routine healing"
S20411S,"Abrasion of right back wall of thorax, sequela"
G40011,"Localization-related (focal) (partial) idiopathic epilepsy and epileptic syndromes with seizures of localized onset, intractable, with status epilepticus"
T63064A,"Toxic effect of venom of other North and South American snake, undetermined, initial encounter"
L9710,Non-pressure chronic ulcer of unspecified thigh
M0635,"Rheumatoid nodule, hip"
R93421,Abnormal radiologic findings on diagnostic imaging of right kidney
S27312,"Primary blast injury of lung, bilateral"
T4145,Adverse effect of unspecified anesthetic
L903,null
S99199B,"Other physeal fracture of unspecified metatarsal, initial encounter for open fracture"
S0211HB,"Other fracture of occiput, left side, initial encounter for open fracture"
V622,Person on outside of heavy transport vehicle injured in collision with two- or three-wheeled motor vehicle in nontraffic accident
F93,Emotional disorders with onset specific to childhood
S02620S,"Fracture of subcondylar process of mandible, unspecified side, sequela"
S60417D,"Abrasion of left little finger, subsequent encounter"
S41142,Puncture wound with foreign body of left upper arm
G040,Acute disseminated encephalitis and encephalomyelitis (ADEM)
S72324J,"Nondisplaced transverse fracture of shaft of right femur, subsequent encounter for open fracture type IIIA, IIIB, or IIIC with delayed healing"
K625,Hemorrhage of anus and rectum
S82032J,"Displaced transverse fracture of left patella, subsequent encounter for open fracture type IIIA, IIIB, or IIIC with delayed healing"
N12,"Tubulo-interstitial nephritis, not specified as acute or chronic"
T2170XA,"Corrosion of third degree of trunk, unspecified site, initial encounter"
Y730,Diagnostic and monitoring gastroenterology and urology devices associated with adverse incidents
S82024M,"Nondisplaced longitudinal fracture of right patella, subsequent encounter for open fracture type I or II with nonunion"
S68412S,"Complete traumatic amputation of left hand at wrist level, sequela"
S42144A,"Nondisplaced fracture of glenoid cavity of scapula, right shoulder, initial encounter for closed fracture"
T2662,"Corrosion of cornea and conjunctival sac, left eye"
M05119,Rheumatoid lung disease with rheumatoid arthritis of unspecified shoulder
M1812,"Unilateral primary osteoarthritis of first carpometacarpal joint, left hand"
Y37511A,"Military operations involving direct blast effect of nuclear weapon, civilian, initial encounter"
S82036E,"Nondisplaced transverse fracture of unspecified patella, subsequent encounter for open fracture type I or II with routine healing"
T1759,Other foreign object in bronchus
S82829P,"Torus fracture of lower end of unspecified fibula, subsequent encounter for fracture with malunion"
S9092,Unspecified superficial injury of foot
S62151,"Displaced fracture of hook process of hamate [unciform] bone, right wrist"
T82524,Displacement of infusion catheter
M84429D,"Pathological fracture, unspecified humerus, subsequent encounter for fracture with routine healing"
T610,Ciguatera fish poisoning
S9112,Laceration with foreign body of toe without damage to nail
S90936,Unspecified superficial injury of unspecified lesser toe(s)
S98142S,"Partial traumatic amputation of one left lesser toe, sequela"
S25599S,"Other specified injury of intercostal blood vessels, unspecified side, sequela"
T561X4A,"Toxic effect of mercury and its compounds, undetermined, initial encounter"
S49111,"Salter-Harris Type I physeal fracture of lower end of humerus, right arm"
O3110X5,"Continuing pregnancy after spontaneous abortion of one fetus or more, unspecified trimester, fetus 5"
S92309S,"Fracture of unspecified metatarsal bone(s), unspecified foot, sequela"
E133543,"Other specified diabetes mellitus with proliferative diabetic retinopathy with combined traction retinal detachment and rhegmatogenous retinal detachment, bilateral"
O99815,Abnormal glucose complicating the puerperium
T560X1S,"Toxic effect of lead and its compounds, accidental (unintentional), sequela"
S9133,Puncture wound without foreign body of foot
S82016E,"Nondisplaced osteochondral fracture of unspecified patella, subsequent encounter for open fracture type I or II with routine healing"
H6111,Acquired deformity of pinna
T886XXD,"Anaphylactic reaction due to adverse effect of correct drug or medicament properly administered, subsequent encounter"
S52021S,"Displaced fracture of olecranon process without intraarticular extension of right ulna, sequela"
O361924,"Maternal care for other isoimmunization, second trimester, fetus 4"
T43023D,"Poisoning by tetracyclic antidepressants, assault, subsequent encounter"
E0931,Drug or chemical induced diabetes mellitus with unspecified diabetic retinopathy
C7652,Malignant neoplasm of left lower limb
C43,Malignant melanoma of skin
M05241,Rheumatoid vasculitis with rheumatoid arthritis of right hand
S0511XA,"Contusion of eyeball and orbital tissues, right eye, initial encounter"
S82124K,"Nondisplaced fracture of lateral condyle of right tibia, subsequent encounter for closed fracture with nonunion"
M84361A,"Stress fracture, right tibia, initial encounter for fracture"
M84551G,"Pathological fracture in neoplastic disease, right femur, subsequent encounter for fracture with delayed healing"
T7611XA,null
C7242,Malignant neoplasm of left acoustic nerve
S46199,"Other injury of muscle, fascia and tendon of long head of biceps, unspecified arm"
S36892A,"Contusion of other intra-abdominal organs, initial encounter"
I119,Hypertensive heart disease without heart failure
S02600A,"Fracture of unspecified part of body of mandible, unspecified side, initial encounter for closed fracture"
S52561R,"Barton's fracture of right radius, subsequent encounter for open fracture type IIIA, IIIB, or IIIC with malunion"
S68422,Partial traumatic amputation of left hand at wrist level
C50022,"Malignant neoplasm of nipple and areola, left male breast"
S42223G,"2-part displaced fracture of surgical neck of unspecified humerus, subsequent encounter for fracture with delayed healing"
V724XXD,"Person boarding or alighting from bus injured in collision with two- or three-wheeled motor vehicle, subsequent encounter"
A378,Whooping cough due to other Bordetella species
S72464N,null
F18980,"Inhalant use, unspecified with inhalant-induced anxiety disorder"
S42476A,"Nondisplaced transcondylar fracture of unspecified humerus, initial encounter for closed fracture"
S25191,Other specified injury of right innominate or subclavian artery
S02620S,null
S20342D,"External constriction of left front wall of thorax, subsequent encounter"
M1009,"Idiopathic gout, multiple sites"
M7183,"Other specified bursopathies, wrist"
S6632,"Laceration of extensor muscle, fascia and tendon of other and unspecified finger at wrist and hand level"
N6092,Unspecified benign mammary dysplasia of left breast
S36129S,"Unspecified injury of gallbladder, sequela"
Y36590A,"War operation involving other effects of nuclear weapons, military personnel, initial encounter"
S92254B,"Nondisplaced fracture of navicular [scaphoid] of right foot, initial encounter for open fracture"
S9001XA,"Contusion of right ankle, initial encounter"
H7122,"Cholesteatoma of mastoid, left ear"
V9613XS,"Hang-glider collision injuring occupant, sequela"
O0942,"Supervision of pregnancy with grand multiparity, second trimester"
I70703,"Unspecified atherosclerosis of other type of bypass graft(s) of the extremities, bilateral legs"
A5481,Gonococcal meningitis
S72099B,"Other fracture of head and neck of unspecified femur, initial encounter for open fracture type I or II"
T398X2,null
B087,Yatapoxvirus infections
S62226A,"Nondisplaced Rolando's fracture, unspecified hand, initial encounter for closed fracture"
S948X2A,"Injury of other nerves at ankle and foot level, left leg, initial encounter"
O34593,"Maternal care for other abnormalities of gravid uterus, third trimester"
S60032D,"Contusion of left middle finger without damage to nail, subsequent encounter"
M5440,"Lumbago with sciatica, unspecified side"
Y3702,Military operations involving explosion of marine mine
M1A16,"Lead-induced chronic gout, knee"
M14659,"Charcot's joint, unspecified hip"
R3913,Splitting of urinary stream
S32422S,null
T271,Burn involving larynx and trachea with lung
S0211CG,"Type II occipital condyle fracture, right side, subsequent encounter for fracture with delayed healing"
M1A1120,"Lead-induced chronic gout, left shoulder, without tophus (tophi)"
S53006S,"Unspecified dislocation of unspecified radial head, sequela"
S92199G,"Other fracture of unspecified talus, subsequent encounter for fracture with delayed healing"
T63463S,"Toxic effect of venom of wasps, assault, sequela"
S82042G,"Displaced comminuted fracture of left patella, subsequent encounter for closed fracture with delayed healing"
S0211CS,"Type II occipital condyle fracture, right side, sequela"
H3132,Choroidal rupture
T84038A,"Mechanical loosening of other internal prosthetic joint, initial encounter"
