Procedure_code,Procedure_description
06S84ZZ,"Reposition Portal Vein, Percutaneous Endoscopic Approach"
B217YZZ,Fluoroscopy of Right Internal Mammary Bypass Graft using Other Contrast
0RHT48Z,"Insertion of Spacer into Left Metacarpocarpal Joint, Percutaneous Endoscopic Approach"
041N0JL,null
F003GKZ,Communicative/Cognitive Integration Skills Assessment of Neurological System - Whole Body using Audiovisual Equipment
0C973ZZ,"Drainage of Tongue, Percutaneous Approach"
0QWB35Z,"Revision of External Fixation Device in Right Lower Femur, Percutaneous Approach"
0DHA03Z,"Insertion of Infusion Device into Jejunum, Open Approach"
3E0CXKZ,"Introduction of Other Diagnostic Substance into Eye, External Approach"
0RW13KZ,"Revision of Nonautologous Tissue Substitute in Cervical Vertebral Joint, Percutaneous Approach"
04900ZX,"Drainage of Abdominal Aorta, Open Approach, Diagnostic"
06110AB,"Bypass Splenic Vein to Left Renal Vein with Autologous Arterial Tissue, Open Approach"
F00ZS1Z,Distorted Speech Assessment using Audiometer
DP025ZZ,Beam Radiation of Maxilla using Neutrons
B40B0ZZ,Plain Radiography of Other Intra-Abdominal Arteries using High Osmolar Contrast
03U637Z,"Supplement Left Axillary Artery with Autologous Tissue Substitute, Percutaneous Approach"
0P9D40Z,"Drainage of Left Humeral Head with Drainage Device, Percutaneous Endoscopic Approach"
0CMWXZ0,"Reattachment of Upper Tooth, Single, External Approach"
07NK4ZZ,"Release Thoracic Duct, Percutaneous Endoscopic Approach"
041J4KP,"Bypass Left External Iliac Artery to Foot Artery with Nonautologous Tissue Substitute, Percutaneous Endoscopic Approach"
0YQF3ZZ,"Repair Right Knee Region, Percutaneous Approach"
03LR0ZZ,"Occlusion of Face Artery, Open Approach"
0PB00ZX,"Excision of Sternum, Open Approach, Diagnostic"
0HUV7KZ,"Supplement Bilateral Breast with Nonautologous Tissue Substitute, Via Natural or Artificial Opening"
7W02X4Z,Osteopathic Treatment of Thoracic Region using Indirect Forces
F02Z8YZ,Anthropometric Characteristics Assessment using Other Equipment
0NU54KZ,"Supplement Right Temporal Bone with Nonautologous Tissue Substitute, Percutaneous Endoscopic Approach"
DH040ZZ,null
BT39ZZZ,Magnetic Resonance Imaging (MRI) of Kidney Transplant
00XS4ZG,"Transfer Hypoglossal Nerve to Optic Nerve, Percutaneous Endoscopic Approach"
0HR3XK4,"Replacement of Left Ear Skin with Nonautologous Tissue Substitute, Partial Thickness, External Approach"
0S5K3ZZ,"Destruction of Right Metatarsal-Tarsal Joint, Percutaneous Approach"
03QT0ZZ,"Repair Left Temporal Artery, Open Approach"
0SP034Z,"Removal of Internal Fixation Device from Lumbar Vertebral Joint, Percutaneous Approach"
0UBG3ZX,"Excision of Vagina, Percutaneous Approach, Diagnostic"
0SPM30Z,"Removal of Drainage Device from Right Metatarsal-Phalangeal Joint, Percutaneous Approach"
0M8W0ZZ,"Division of Left Lower Extremity Bursa and Ligament, Open Approach"
0TS04ZZ,"Reposition Right Kidney, Percutaneous Endoscopic Approach"
037G446,"Dilation of Intracranial Artery, Bifurcation, with Drug-eluting Intraluminal Device, Percutaneous Endoscopic Approach"
04SR3ZZ,"Reposition Right Posterior Tibial Artery, Percutaneous Approach"
0XQKXZZ,"Repair Left Hand, External Approach"
047Y356,"Dilation of Lower Artery, Bifurcation, with Two Drug-eluting Intraluminal Devices, Percutaneous Approach"
0BJ1XZZ,"Inspection of Trachea, External Approach"
00DG0ZZ,"Extraction of Optic Nerve, Open Approach"
0FV97DZ,"Restriction of Common Bile Duct with Intraluminal Device, Via Natural or Artificial Opening"
047H446,null
0CWY77Z,"Revision of Autologous Tissue Substitute in Mouth and Throat, Via Natural or Artificial Opening"
03UY4KZ,"Supplement Upper Artery with Nonautologous Tissue Substitute, Percutaneous Endoscopic Approach"
021Q49A,"Bypass Right Pulmonary Artery from Innominate Artery with Autologous Venous Tissue, Percutaneous Endoscopic Approach"
0BU607Z,"Supplement Right Lower Lobe Bronchus with Autologous Tissue Substitute, Open Approach"
0X9F40Z,"Drainage of Left Lower Arm with Drainage Device, Percutaneous Endoscopic Approach"
0RP3X3Z,"Removal of Infusion Device from Cervical Vertebral Disc, External Approach"
0RWM4JZ,"Revision of Synthetic Substitute in Left Elbow Joint, Percutaneous Endoscopic Approach"
F0CZ1PZ,Perceptual Processing Treatment using Computer
3E0400P,"Introduction of Clofarabine into Central Vein, Open Approach"
0RUS3KZ,"Supplement Right Metacarpocarpal Joint with Nonautologous Tissue Substitute, Percutaneous Approach"
0MD00ZZ,null
0RGQ34Z,"Fusion of Right Carpal Joint with Internal Fixation Device, Percutaneous Approach"
06NG3ZZ,"Release Left External Iliac Vein, Percutaneous Approach"
041C49K,"Bypass Right Common Iliac Artery to Bilateral Femoral Arteries with Autologous Venous Tissue, Percutaneous Endoscopic Approach"
0NRS4KZ,"Replacement of Left Maxilla with Nonautologous Tissue Substitute, Percutaneous Endoscopic Approach"
05C64ZZ,"Extirpation of Matter from Left Subclavian Vein, Percutaneous Endoscopic Approach"
01D63ZZ,"Extraction of Radial Nerve, Percutaneous Approach"
06SQ0ZZ,"Reposition Left Greater Saphenous Vein, Open Approach"
0V1N07K,"Bypass Right Vas Deferens to Left Epididymis with Autologous Tissue Substitute, Open Approach"
0RQ63ZZ,"Repair Thoracic Vertebral Joint, Percutaneous Approach"
06NG3ZZ,null
0CRXX72,"Replacement of Lower Tooth, All, with Autologous Tissue Substitute, External Approach"
0PWR3JZ,"Revision of Synthetic Substitute in Right Thumb Phalanx, Percutaneous Approach"
03QC0ZZ,"Repair Left Radial Artery, Open Approach"
001U3J6,"Bypass Spinal Canal to Peritoneal Cavity with Synthetic Substitute, Percutaneous Approach"
0KBR3ZX,"Excision of Left Upper Leg Muscle, Percutaneous Approach, Diagnostic"
0SHN45Z,"Insertion of External Fixation Device into Left Metatarsal-Phalangeal Joint, Percutaneous Endoscopic Approach"
0R5A3ZZ,"Destruction of Thoracolumbar Vertebral Joint, Percutaneous Approach"
0R9Q0ZX,"Drainage of Right Carpal Joint, Open Approach, Diagnostic"
0LTT4ZZ,"Resection of Left Ankle Tendon, Percutaneous Endoscopic Approach"
BQ2BYZZ,Computerized Tomography (CT Scan) of Right Tibia/Fibula using Other Contrast
0Q9D30Z,"Drainage of Right Patella with Drainage Device, Percutaneous Approach"
03150K7,"Bypass Right Axillary Artery to Left Upper Leg Artery with Nonautologous Tissue Substitute, Open Approach"
0LQF4ZZ,"Repair Right Abdomen Tendon, Percutaneous Endoscopic Approach"
0U9530Z,"Drainage of Right Fallopian Tube with Drainage Device, Percutaneous Approach"
0HREX74,"Replacement of Left Lower Arm Skin with Autologous Tissue Substitute, Partial Thickness, External Approach"
0N2WXYZ,"Change Other Device in Facial Bone, External Approach"
0UWH41Z,"Revision of Radioactive Element in Vagina and Cul-de-sac, Percutaneous Endoscopic Approach"
0CQJ3ZZ,"Repair Minor Salivary Gland, Percutaneous Approach"
0DL67DZ,"Occlusion of Stomach with Intraluminal Device, Via Natural or Artificial Opening"
018M4ZZ,"Division of Abdominal Sympathetic Nerve, Percutaneous Endoscopic Approach"
0RN43ZZ,"Release Cervicothoracic Vertebral Joint, Percutaneous Approach"
0U9K3ZX,"Drainage of Hymen, Percutaneous Approach, Diagnostic"
041D4A3,null
HZ94ZZZ,"Pharmacotherapy for Substance Abuse Treatment, Naltrexone"
0T160Z8,"Bypass Right Ureter to Colon, Open Approach"
04L33ZZ,"Occlusion of Hepatic Artery, Percutaneous Approach"
03720ZZ,"Dilation of Innominate Artery, Open Approach"
0Q9R30Z,"Drainage of Left Toe Phalanx with Drainage Device, Percutaneous Approach"
0VWD30Z,"Revision of Drainage Device in Testis, Percutaneous Approach"
4.73E+09,"Dilation of Hepatic Artery, Bifurcation, with Two Intraluminal Devices, Percutaneous Endoscopic Approach"
F01G6YZ,Sensory Awareness/Processing/Integrity Assessment of Integumentary System - Lower Back / Lower Extremity using Other Equipment
2W53XYZ,null
037S4GZ,"Dilation of Right Temporal Artery with Four or More Intraluminal Devices, Percutaneous Endoscopic Approach"
312093,"Bypass Innominate Artery to Right Lower Arm Artery with Autologous Venous Tissue, Open Approach"
0CBXXZ1,"Excision of Lower Tooth, External Approach, Multiple"
06RV4JZ,"Replacement of Left Foot Vein with Synthetic Substitute, Percutaneous Endoscopic Approach"
3E0P8TZ,"Introduction of Destructive Agent into Female Reproductive, Via Natural or Artificial Opening Endoscopic"
0Q9R0ZX,"Drainage of Left Toe Phalanx, Open Approach, Diagnostic"
0QW63JZ,"Revision of Synthetic Substitute in Right Upper Femur, Percutaneous Approach"
0WW133Z,"Revision of Infusion Device in Cranial Cavity, Percutaneous Approach"
0KXM4Z1,"Transfer Perineum Muscle with Subcutaneous Tissue, Percutaneous Endoscopic Approach"
04H343Z,"Insertion of Infusion Device into Hepatic Artery, Percutaneous Endoscopic Approach"
F00ZV1Z,Temporal Ordering of Stimuli Assessment using Audiometer
09RKX7Z,"Replacement of Nose with Autologous Tissue Substitute, External Approach"
03PY37Z,"Removal of Autologous Tissue Substitute from Upper Artery, Percutaneous Approach"
095B4ZZ,"Destruction of Right Mastoid Sinus, Percutaneous Endoscopic Approach"
0MPY0KZ,"Removal of Nonautologous Tissue Substitute from Lower Bursa and Ligament, Open Approach"
BG24ZZZ,Computerized Tomography (CT Scan) of Thyroid Gland
0PSM04Z,"Reposition Right Carpal with Internal Fixation Device, Open Approach"
0F967ZZ,"Drainage of Left Hepatic Duct, Via Natural or Artificial Opening"
09930ZX,"Drainage of Right External Auditory Canal, Open Approach, Diagnostic"
0UF77ZZ,"Fragmentation in Bilateral Fallopian Tubes, Via Natural or Artificial Opening"
041D4JJ,"Bypass Left Common Iliac Artery to Left Femoral Artery with Synthetic Substitute, Percutaneous Endoscopic Approach"
027305Z,"Dilation of Coronary Artery, Four or More Arteries with Two Drug-eluting Intraluminal Devices, Open Approach"
04903ZX,"Drainage of Abdominal Aorta, Percutaneous Approach, Diagnostic"
0WPD4YZ,"Removal of Other Device from Pericardial Cavity, Percutaneous Endoscopic Approach"
07VF3CZ,"Restriction of Right Lower Extremity Lymphatic with Extraluminal Device, Percutaneous Approach"
01DR3ZZ,"Extraction of Sacral Nerve, Percutaneous Approach"
0W4M0Z0,"Creation of Vagina in Male Perineum, Open Approach"
0DW60UZ,"Revision of Feeding Device in Stomach, Open Approach"
0HPT70Z,"Removal of Drainage Device from Right Breast, Via Natural or Artificial Opening"
B33RYZZ,Magnetic Resonance Imaging (MRI) of Intracranial Arteries using Other Contrast
04LM4DZ,"Occlusion of Right Popliteal Artery with Intraluminal Device, Percutaneous Endoscopic Approach"
0VPD80Z,"Removal of Drainage Device from Testis, Via Natural or Artificial Opening Endoscopic"
0SBC0ZX,"Excision of Right Knee Joint, Open Approach, Diagnostic"
0DM84ZZ,"Reattachment of Small Intestine, Percutaneous Endoscopic Approach"
0G9F4ZX,"Drainage of Paraganglion Extremity, Percutaneous Endoscopic Approach, Diagnostic"
037144Z,"Dilation of Left Internal Mammary Artery with Drug-eluting Intraluminal Device, Percutaneous Endoscopic Approach"
0PW84JZ,"Revision of Synthetic Substitute in Left Glenoid Cavity, Percutaneous Endoscopic Approach"
0B9K0ZX,"Drainage of Right Lung, Open Approach, Diagnostic"
9WB0XDZ,"Chiropractic Manipulation of Head, Extra-Articular"
0UPH70Z,"Removal of Drainage Device from Vagina and Cul-de-sac, Via Natural or Artificial Opening"
049B0ZZ,"Drainage of Inferior Mesenteric Artery, Open Approach"
0UUG0JZ,"Supplement Vagina with Synthetic Substitute, Open Approach"
02R50JZ,"Replacement of Atrial Septum with Synthetic Substitute, Open Approach"
0FMG4ZZ,"Reattachment of Pancreas, Percutaneous Endoscopic Approach"
02704DZ,"Dilation of Coronary Artery, One Artery with Intraluminal Device, Percutaneous Endoscopic Approach"
03753EZ,"Dilation of Right Axillary Artery with Two Intraluminal Devices, Percutaneous Approach"
0MUD07Z,"Supplement Left Trunk Bursa and Ligament with Autologous Tissue Substitute, Open Approach"
3E0Q06Z,"Introduction of Nutritional Substance into Cranial Cavity and Brain, Open Approach"
0NS444Z,"Reposition Left Parietal Bone with Internal Fixation Device, Percutaneous Endoscopic Approach"
099G7ZZ,"Drainage of Left Eustachian Tube, Via Natural or Artificial Opening"
049R4ZZ,"Drainage of Right Posterior Tibial Artery, Percutaneous Endoscopic Approach"
0TLC7ZZ,"Occlusion of Bladder Neck, Via Natural or Artificial Opening"
3E0N3TZ,"Introduction of Destructive Agent into Male Reproductive, Percutaneous Approach"
037C456,"Dilation of Left Radial Artery, Bifurcation, with Two Drug-eluting Intraluminal Devices, Percutaneous Endoscopic Approach"
3E0D7GC,"Introduction of Other Therapeutic Substance into Mouth and Pharynx, Via Natural or Artificial Opening"
0FVC8DZ,"Restriction of Ampulla of Vater with Intraluminal Device, Via Natural or Artificial Opening Endoscopic"
0PWFX4Z,"Revision of Internal Fixation Device in Right Humeral Shaft, External Approach"
CW2B1ZZ,Tomographic (Tomo) Nuclear Medicine Imaging of Head and Neck using Technetium 99m (Tc-99m)
0NHS44Z,"Insertion of Internal Fixation Device into Left Maxilla, Percutaneous Endoscopic Approach"
0N810ZZ,"Division of Right Frontal Bone, Open Approach"
0RCH3ZZ,"Extirpation of Matter from Left Acromioclavicular Joint, Percutaneous Approach"
041C0J3,"Bypass Right Common Iliac Artery to Right Renal Artery with Synthetic Substitute, Open Approach"
0RWM0KZ,"Revision of Nonautologous Tissue Substitute in Left Elbow Joint, Open Approach"
05U53JZ,"Supplement Right Subclavian Vein with Synthetic Substitute, Percutaneous Approach"
F0BZ0YZ,Cochlear Implant Rehabilitation Treatment using Other Equipment
07UK4JZ,"Supplement Thoracic Duct with Synthetic Substitute, Percutaneous Endoscopic Approach"
0JHL0VZ,"Insertion of Infusion Pump into Right Upper Leg Subcutaneous Tissue and Fascia, Open Approach"
0RCA0ZZ,"Extirpation of Matter from Thoracolumbar Vertebral Joint, Open Approach"
0SPL3JZ,"Removal of Synthetic Substitute from Left Metatarsal-Tarsal Joint, Percutaneous Approach"
09WK0KZ,"Revision of Nonautologous Tissue Substitute in Nose, Open Approach"
0RB93ZZ,"Excision of Thoracic Vertebral Disc, Percutaneous Approach"
047C0Z6,"Dilation of Right Common Iliac Artery, Bifurcation, Open Approach"
0WWF3JZ,"Revision of Synthetic Substitute in Abdominal Wall, Percutaneous Approach"
0GTL4ZZ,"Resection of Right Superior Parathyroid Gland, Percutaneous Endoscopic Approach"
0RJU3ZZ,null
0QU53KZ,"Supplement Left Acetabulum with Nonautologous Tissue Substitute, Percutaneous Approach"
0CU73KZ,"Supplement Tongue with Nonautologous Tissue Substitute, Percutaneous Approach"
0QB93ZZ,"Excision of Left Femoral Shaft, Percutaneous Approach"
0G9C3ZX,"Drainage of Glomus Jugulare, Percutaneous Approach, Diagnostic"
0DSQ0ZZ,"Reposition Anus, Open Approach"
0XH833Z,"Insertion of Infusion Device into Right Upper Arm, Percutaneous Approach"
0WUC47Z,"Supplement Mediastinum with Autologous Tissue Substitute, Percutaneous Endoscopic Approach"
0VW83KZ,null
079C0ZX,"Drainage of Pelvis Lymphatic, Open Approach, Diagnostic"
0L9P0ZZ,"Drainage of Left Lower Leg Tendon, Open Approach"
0N9C4ZX,"Drainage of Right Sphenoid Bone, Percutaneous Endoscopic Approach, Diagnostic"
0NP00KZ,"Removal of Nonautologous Tissue Substitute from Skull, Open Approach"
BR37ZZZ,Magnetic Resonance Imaging (MRI) of Thoracic Spine
0K5T4ZZ,"Destruction of Left Lower Leg Muscle, Percutaneous Endoscopic Approach"
07QM4ZZ,"Repair Thymus, Percutaneous Endoscopic Approach"
0Y0D3KZ,"Alteration of Left Upper Leg with Nonautologous Tissue Substitute, Percutaneous Approach"
0J0N0ZZ,"Alteration of Right Lower Leg Subcutaneous Tissue and Fascia, Open Approach"
06VV3ZZ,"Restriction of Left Foot Vein, Percutaneous Approach"
04RS07Z,"Replacement of Left Posterior Tibial Artery with Autologous Tissue Substitute, Open Approach"
2W4LX5Z,Packing of Right Lower Extremity using Packing Material
04B60ZX,"Excision of Right Colic Artery, Open Approach, Diagnostic"
9WB0XDZ,null
01WY47Z,"Revision of Autologous Tissue Substitute in Peripheral Nerve, Percutaneous Endoscopic Approach"
0D7B8DZ,null
0FH203Z,"Insertion of Infusion Device into Left Lobe Liver, Open Approach"
08UM0KZ,"Supplement Left Extraocular Muscle with Nonautologous Tissue Substitute, Open Approach"
0R9S3ZX,"Drainage of Right Metacarpocarpal Joint, Percutaneous Approach, Diagnostic"
047N36Z,"Dilation of Left Popliteal Artery with Three Drug-eluting Intraluminal Devices, Percutaneous Approach"
0RG63A0,"Fusion of Thoracic Vertebral Joint with Interbody Fusion Device, Anterior Approach, Anterior Column, Percutaneous Approach"
0RGT07Z,"Fusion of Left Metacarpocarpal Joint with Autologous Tissue Substitute, Open Approach"
10Q08ZS,"Repair Urinary System in Products of Conception, Via Natural or Artificial Opening Endoscopic"
F07K0FZ,"Range of Motion and Joint Mobility Treatment of Musculoskeletal System - Upper Back / Upper Extremity using Assistive, Adaptive, Supportive or Protective Equipment"
0GTL4ZZ,null
0CDT8ZZ,"Extraction of Right Vocal Cord, Via Natural or Artificial Opening Endoscopic"
0DV58DZ,"Restriction of Esophagus with Intraluminal Device, Via Natural or Artificial Opening Endoscopic"
02NS0ZZ,"Release Right Pulmonary Vein, Open Approach"
09NB0ZZ,"Release Right Mastoid Sinus, Open Approach"
03LN3ZZ,"Occlusion of Left External Carotid Artery, Percutaneous Approach"
09QR3ZZ,"Repair Left Maxillary Sinus, Percutaneous Approach"
03760D6,"Dilation of Left Axillary Artery, Bifurcation, with Intraluminal Device, Open Approach"
00XG0ZM,"Transfer Optic Nerve to Facial Nerve, Open Approach"
065B4ZZ,"Destruction of Left Renal Vein, Percutaneous Endoscopic Approach"
0SUM0KZ,"Supplement Right Metatarsal-Phalangeal Joint with Nonautologous Tissue Substitute, Open Approach"
BV01YZZ,Plain Radiography of Right Epididymis using Other Contrast
0M980ZZ,"Drainage of Left Hand Bursa and Ligament, Open Approach"
0DJ00ZZ,"Inspection of Upper Intestinal Tract, Open Approach"
0D1M4JP,"Bypass Descending Colon to Rectum with Synthetic Substitute, Percutaneous Endoscopic Approach"
0LM04ZZ,"Reattachment of Head and Neck Tendon, Percutaneous Endoscopic Approach"
047R37Z,"Dilation of Right Posterior Tibial Artery with Four or More Drug-eluting Intraluminal Devices, Percutaneous Approach"
005B0ZZ,"Destruction of Pons, Open Approach"
04R807Z,"Replacement of Middle Colic Artery with Autologous Tissue Substitute, Open Approach"
09N40ZZ,"Release Left External Auditory Canal, Open Approach"
0D9800Z,"Drainage of Small Intestine with Drainage Device, Open Approach"
08RX0KZ,"Replacement of Right Lacrimal Duct with Nonautologous Tissue Substitute, Open Approach"
0DB44ZZ,"Excision of Esophagogastric Junction, Percutaneous Endoscopic Approach"
0HDNXZZ,"Extraction of Left Foot Skin, External Approach"
07914ZX,"Drainage of Right Neck Lymphatic, Percutaneous Endoscopic Approach, Diagnostic"
0WPQX1Z,"Removal of Radioactive Element from Respiratory Tract, External Approach"
06LP0ZZ,"Occlusion of Right Greater Saphenous Vein, Open Approach"
0WH43YZ,"Insertion of Other Device into Upper Jaw, Percutaneous Approach"
04UB37Z,"Supplement Inferior Mesenteric Artery with Autologous Tissue Substitute, Percutaneous Approach"
0H0V0KZ,"Alteration of Bilateral Breast with Nonautologous Tissue Substitute, Open Approach"
05VD3CZ,"Restriction of Right Cephalic Vein with Extraluminal Device, Percutaneous Approach"
05BM3ZX,"Excision of Right Internal Jugular Vein, Percutaneous Approach, Diagnostic"
0NTV0ZZ,"Resection of Left Mandible, Open Approach"
378376,"Dilation of Left Brachial Artery, Bifurcation, with Four or More Drug-eluting Intraluminal Devices, Percutaneous Approach"
2W0MX2Z,Change Cast on Left Lower Extremity
09CM3ZZ,"Extirpation of Matter from Nasal Septum, Percutaneous Approach"
0Q9D4ZZ,"Drainage of Right Patella, Percutaneous Endoscopic Approach"
02110ZC,"Bypass Coronary Artery, Two Arteries from Thoracic Artery, Open Approach"
0T9040Z,"Drainage of Right Kidney with Drainage Device, Percutaneous Endoscopic Approach"
04VH0DZ,"Restriction of Right External Iliac Artery with Intraluminal Device, Open Approach"
0WBN0ZX,"Excision of Female Perineum, Open Approach, Diagnostic"
008S3ZZ,"Division of Hypoglossal Nerve, Percutaneous Approach"
0SJ4XZZ,"Inspection of Lumbosacral Disc, External Approach"
0SHC08Z,"Insertion of Spacer into Right Knee Joint, Open Approach"
3E0E3HZ,"Introduction of Radioactive Substance into Products of Conception, Percutaneous Approach"
0C9T4ZX,"Drainage of Right Vocal Cord, Percutaneous Endoscopic Approach, Diagnostic"
0GCF0ZZ,"Extirpation of Matter from Paraganglion Extremity, Open Approach"
0QPD35Z,"Removal of External Fixation Device from Right Patella, Percutaneous Approach"
041049C,"Bypass Abdominal Aorta to Bilateral Internal Iliac Arteries with Autologous Venous Tissue, Percutaneous Endoscopic Approach"
0MMB0ZZ,"Reattachment of Left Upper Extremity Bursa and Ligament, Open Approach"
09S0XZZ,"Reposition Right External Ear, External Approach"
0T13477,"Bypass Right Kidney Pelvis to Left Ureter with Autologous Tissue Substitute, Percutaneous Endoscopic Approach"
2W0MX5Z,Change Packing Material on Left Lower Extremity
0DBR3ZZ,"Excision of Anal Sphincter, Percutaneous Approach"
01983ZX,"Drainage of Thoracic Nerve, Percutaneous Approach, Diagnostic"
3E043VH,"Introduction of Human B-type Natriuretic Peptide into Central Vein, Percutaneous Approach"
047S0Z6,null
0T140J7,"Bypass Left Kidney Pelvis to Left Ureter with Synthetic Substitute, Open Approach"
05V93CZ,"Restriction of Right Brachial Vein with Extraluminal Device, Percutaneous Approach"
002EXYZ,"Change Other Device in Cranial Nerve, External Approach"
BV36YZZ,Magnetic Resonance Imaging (MRI) of Left Testicle using Other Contrast
DWY5GDZ,Isotope Administration to Whole Body using Iodine 131 (I-131)
03V30ZZ,"Restriction of Right Subclavian Artery, Open Approach"
0YBJ4ZZ,"Excision of Left Lower Leg, Percutaneous Endoscopic Approach"
DV119BZ,High Dose Rate (HDR) Brachytherapy of Testis using Palladium 103 (Pd-103)
03HV4DZ,"Insertion of Intraluminal Device into Left Thyroid Artery, Percutaneous Endoscopic Approach"
041L0KH,"Bypass Left Femoral Artery to Right Femoral Artery with Nonautologous Tissue Substitute, Open Approach"
04L40CZ,"Occlusion of Splenic Artery with Extraluminal Device, Open Approach"
0WHL31Z,"Insertion of Radioactive Element into Lower Back, Percutaneous Approach"
00SJ3ZZ,"Reposition Trochlear Nerve, Percutaneous Approach"
0SPF35Z,"Removal of External Fixation Device from Right Ankle Joint, Percutaneous Approach"
0DLP3DZ,"Occlusion of Rectum with Intraluminal Device, Percutaneous Approach"
03U43KZ,"Supplement Left Subclavian Artery with Nonautologous Tissue Substitute, Percutaneous Approach"
03BH4ZX,"Excision of Right Common Carotid Artery, Percutaneous Endoscopic Approach, Diagnostic"
0BP100Z,"Removal of Drainage Device from Trachea, Open Approach"
3E0E37Z,"Introduction of Electrolytic and Water Balance Substance into Products of Conception, Percutaneous Approach"
0BL23CZ,"Occlusion of Carina with Extraluminal Device, Percutaneous Approach"
DV1099Z,null
0JR43JZ,"Replacement of Anterior Neck Subcutaneous Tissue and Fascia with Synthetic Substitute, Percutaneous Approach"
0PCJ3ZZ,"Extirpation of Matter from Left Radius, Percutaneous Approach"
0UY10Z1,"Transplantation of Left Ovary, Syngeneic, Open Approach"
BP240ZZ,Computerized Tomography (CT Scan) of Right Clavicle using High Osmolar Contrast
00953ZZ,"Drainage of Subarachnoid Space, Percutaneous Approach"
0CUM87Z,"Supplement Pharynx with Autologous Tissue Substitute, Via Natural or Artificial Opening Endoscopic"
0K8Q4ZZ,"Division of Right Upper Leg Muscle, Percutaneous Endoscopic Approach"
0PU437Z,"Supplement Thoracic Vertebra with Autologous Tissue Substitute, Percutaneous Approach"
0XUV47Z,"Supplement Right Little Finger with Autologous Tissue Substitute, Percutaneous Endoscopic Approach"
0WJP3ZZ,"Inspection of Gastrointestinal Tract, Percutaneous Approach"
05UA0JZ,"Supplement Left Brachial Vein with Synthetic Substitute, Open Approach"
045J3ZZ,"Destruction of Left External Iliac Artery, Percutaneous Approach"
B52S10Z,"Computerized Tomography (CT Scan) of Bilateral Pulmonary Veins using Low Osmolar Contrast, Unenhanced and Enhanced"
0KQ90ZZ,"Repair Right Lower Arm and Wrist Muscle, Open Approach"
07NH0ZZ,"Release Right Inguinal Lymphatic, Open Approach"
0SUM0JZ,"Supplement Right Metatarsal-Phalangeal Joint with Synthetic Substitute, Open Approach"
067G4ZZ,"Dilation of Left External Iliac Vein, Percutaneous Endoscopic Approach"
04783G6,"Dilation of Middle Colic Artery, Bifurcation, with Four or More Intraluminal Devices, Percutaneous Approach"
0Q8H3ZZ,"Division of Left Tibia, Percutaneous Approach"
0FC04ZZ,"Extirpation of Matter from Liver, Percutaneous Endoscopic Approach"
0GB93ZX,"Excision of Para-aortic Body, Percutaneous Approach, Diagnostic"
0RW503Z,"Revision of Infusion Device in Cervicothoracic Vertebral Disc, Open Approach"
0898X0Z,"Drainage of Right Cornea with Drainage Device, External Approach"
0HR5XJ3,"Replacement of Chest Skin with Synthetic Substitute, Full Thickness, External Approach"
0FBD4ZZ,"Excision of Pancreatic Duct, Percutaneous Endoscopic Approach"
047A05Z,"Dilation of Left Renal Artery with Two Drug-eluting Intraluminal Devices, Open Approach"
099V3ZZ,"Drainage of Left Ethmoid Sinus, Percutaneous Approach"
05R007Z,"Replacement of Azygos Vein with Autologous Tissue Substitute, Open Approach"
F0732ZZ,Coordination/Dexterity Treatment of Neurological System - Whole Body
02HN3JZ,"Insertion of Pacemaker Lead into Pericardium, Percutaneous Approach"
06RT07Z,"Replacement of Right Foot Vein with Autologous Tissue Substitute, Open Approach"
0L984ZZ,"Drainage of Left Hand Tendon, Percutaneous Endoscopic Approach"
0RWW33Z,"Revision of Infusion Device in Right Finger Phalangeal Joint, Percutaneous Approach"
0QRF0JZ,"Replacement of Left Patella with Synthetic Substitute, Open Approach"
04RH47Z,"Replacement of Right External Iliac Artery with Autologous Tissue Substitute, Percutaneous Endoscopic Approach"
041L4ZS,"Bypass Left Femoral Artery to Lower Extremity Vein, Percutaneous Endoscopic Approach"
019B0ZZ,"Drainage of Lumbar Nerve, Open Approach"
05L94DZ,"Occlusion of Right Brachial Vein with Intraluminal Device, Percutaneous Endoscopic Approach"
0VP487Z,"Removal of Autologous Tissue Substitute from Prostate and Seminal Vesicles, Via Natural or Artificial Opening Endoscopic"
9WB4XLZ,"Chiropractic Manipulation of Sacrum, Other Method"
0D517ZZ,"Destruction of Upper Esophagus, Via Natural or Artificial Opening"
0X050KZ,"Alteration of Left Axilla with Nonautologous Tissue Substitute, Open Approach"
F07D1ZZ,Muscle Performance Treatment of Integumentary System - Head and Neck
0SWQ34Z,"Revision of Internal Fixation Device in Left Toe Phalangeal Joint, Percutaneous Approach"
049140Z,"Drainage of Celiac Artery with Drainage Device, Percutaneous Endoscopic Approach"
0VC93ZZ,"Extirpation of Matter from Right Testis, Percutaneous Approach"
0QR007Z,"Replacement of Lumbar Vertebra with Autologous Tissue Substitute, Open Approach"
08VX0DZ,"Restriction of Right Lacrimal Duct with Intraluminal Device, Open Approach"
04B74ZZ,"Excision of Left Colic Artery, Percutaneous Endoscopic Approach"
021X4KD,"Bypass Thoracic Aorta, Ascending/Arch to Carotid with Nonautologous Tissue Substitute, Percutaneous Endoscopic Approach"
01883ZZ,"Division of Thoracic Nerve, Percutaneous Approach"
0DLA0ZZ,"Occlusion of Jejunum, Open Approach"
0PSG4BZ,"Reposition Left Humeral Shaft with Monoplanar External Fixation Device, Percutaneous Endoscopic Approach"
0SWB07Z,"Revision of Autologous Tissue Substitute in Left Hip Joint, Open Approach"
047M0Z1,"Dilation of Right Popliteal Artery using Drug-Coated Balloon, Open Approach"
0LRG0JZ,"Replacement of Left Abdomen Tendon with Synthetic Substitute, Open Approach"
0DFB0ZZ,"Fragmentation in Ileum, Open Approach"
03NS3ZZ,"Release Right Temporal Artery, Percutaneous Approach"
07LK0ZZ,"Occlusion of Thoracic Duct, Open Approach"
06BY0ZX,"Excision of Lower Vein, Open Approach, Diagnostic"
0RRJ0J6,"Replacement of Right Shoulder Joint with Synthetic Substitute, Humeral Surface, Open Approach"
00BL4ZX,"Excision of Abducens Nerve, Percutaneous Endoscopic Approach, Diagnostic"
0QH906Z,"Insertion of Intramedullary Internal Fixation Device into Left Femoral Shaft, Open Approach"
B53MZZZ,Magnetic Resonance Imaging (MRI) of Right Upper Extremity Veins
0T1B3JD,"Bypass Bladder to Cutaneous with Synthetic Substitute, Percutaneous Approach"
00P003Z,null
0SG844Z,"Fusion of Left Sacroiliac Joint with Internal Fixation Device, Percutaneous Endoscopic Approach"
07HL03Z,"Insertion of Infusion Device into Cisterna Chyli, Open Approach"
0DNE4ZZ,"Release Large Intestine, Percutaneous Endoscopic Approach"
03WY4MZ,"Revision of Stimulator Lead in Upper Artery, Percutaneous Endoscopic Approach"
0QH646Z,"Insertion of Intramedullary Internal Fixation Device into Right Upper Femur, Percutaneous Endoscopic Approach"
0D7H8ZZ,"Dilation of Cecum, Via Natural or Artificial Opening Endoscopic"
0QQKXZZ,"Repair Left Fibula, External Approach"
04U60JZ,"Supplement Right Colic Artery with Synthetic Substitute, Open Approach"
0LUH07Z,"Supplement Perineum Tendon with Autologous Tissue Substitute, Open Approach"
2W3HX2Z,Immobilization of Left Thumb using Cast
0YUQ47Z,"Supplement Left 1st Toe with Autologous Tissue Substitute, Percutaneous Endoscopic Approach"
2W3UX3Z,Immobilization of Right Toe using Brace
0BFB3ZZ,"Fragmentation in Left Lower Lobe Bronchus, Percutaneous Approach"
0D13079,"Bypass Lower Esophagus to Duodenum with Autologous Tissue Substitute, Open Approach"
0RG84Z0,"Fusion of 8 or more Thoracic Vertebral Joints, Anterior Approach, Anterior Column, Percutaneous Endoscopic Approach"
DMY0KZZ,Laser Interstitial Thermal Therapy of Left Breast
0J9N0ZZ,"Drainage of Right Lower Leg Subcutaneous Tissue and Fascia, Open Approach"
06VG0CZ,"Restriction of Left External Iliac Vein with Extraluminal Device, Open Approach"
0YQR3ZZ,"Repair Right 2nd Toe, Percutaneous Approach"
08R8XKZ,"Replacement of Right Cornea with Nonautologous Tissue Substitute, External Approach"
B51WYZA,"Fluoroscopy of Dialysis Shunt/Fistula using Other Contrast, Guidance"
0DUE77Z,"Supplement Large Intestine with Autologous Tissue Substitute, Via Natural or Artificial Opening"
0RWJ3JZ,"Revision of Synthetic Substitute in Right Shoulder Joint, Percutaneous Approach"
0FPD42Z,"Removal of Monitoring Device from Pancreatic Duct, Percutaneous Endoscopic Approach"
0SU23JZ,"Supplement Lumbar Vertebral Disc with Synthetic Substitute, Percutaneous Approach"
0BCS3ZZ,"Extirpation of Matter from Left Diaphragm, Percutaneous Approach"
0DWU07Z,"Revision of Autologous Tissue Substitute in Omentum, Open Approach"
0WWN03Z,"Revision of Infusion Device in Female Perineum, Open Approach"
0KB,"Muscles, Excision"
0SGN07Z,"Fusion of Left Metatarsal-Phalangeal Joint with Autologous Tissue Substitute, Open Approach"
0TWB7KZ,"Revision of Nonautologous Tissue Substitute in Bladder, Via Natural or Artificial Opening"
0NUH07Z,"Supplement Right Lacrimal Bone with Autologous Tissue Substitute, Open Approach"
0THB83Z,"Insertion of Infusion Device into Bladder, Via Natural or Artificial Opening Endoscopic"
2W53XYZ,Removal of Other Device on Abdominal Wall
0CWY0KZ,"Revision of Nonautologous Tissue Substitute in Mouth and Throat, Open Approach"
BQ40ZZZ,Ultrasonography of Right Hip
0BL93CZ,"Occlusion of Lingula Bronchus with Extraluminal Device, Percutaneous Approach"
0Q9730Z,"Drainage of Left Upper Femur with Drainage Device, Percutaneous Approach"
3E09XGC,"Introduction of Other Therapeutic Substance into Nose, External Approach"
06CM4ZZ,"Extirpation of Matter from Right Femoral Vein, Percutaneous Endoscopic Approach"
021649P,"Bypass Right Atrium to Pulmonary Trunk with Autologous Venous Tissue, Percutaneous Endoscopic Approach"
01CM4ZZ,"Extirpation of Matter from Abdominal Sympathetic Nerve, Percutaneous Endoscopic Approach"
0DP03KZ,"Removal of Nonautologous Tissue Substitute from Upper Intestinal Tract, Percutaneous Approach"
0RGC04Z,"Fusion of Right Temporomandibular Joint with Internal Fixation Device, Open Approach"
0BWT3MZ,"Revision of Diaphragmatic Pacemaker Lead in Diaphragm, Percutaneous Approach"
0Q9H40Z,"Drainage of Left Tibia with Drainage Device, Percutaneous Endoscopic Approach"
02164KP,"Bypass Right Atrium to Pulmonary Trunk with Nonautologous Tissue Substitute, Percutaneous Endoscopic Approach"
09PJ80Z,"Removal of Drainage Device from Left Ear, Via Natural or Artificial Opening Endoscopic"
02RD4KZ,"Replacement of Papillary Muscle with Nonautologous Tissue Substitute, Percutaneous Endoscopic Approach"
0M9S3ZZ,"Drainage of Right Foot Bursa and Ligament, Percutaneous Approach"
0D1907L,"Bypass Duodenum to Transverse Colon with Autologous Tissue Substitute, Open Approach"
0KX70Z1,"Transfer Right Upper Arm Muscle with Subcutaneous Tissue, Open Approach"
0RGU3ZZ,"Fusion of Right Metacarpophalangeal Joint, Percutaneous Approach"
06100K6,"Bypass Inferior Vena Cava to Inferior Mesenteric Vein with Nonautologous Tissue Substitute, Open Approach"
09UN07Z,"Supplement Nasopharynx with Autologous Tissue Substitute, Open Approach"
D920JZZ,Stereotactic Gamma Beam Radiosurgery of Ear
04100AJ,null
0T184KD,"Bypass Bilateral Ureters to Cutaneous with Nonautologous Tissue Substitute, Percutaneous Endoscopic Approach"
0MBQ0ZZ,"Excision of Right Ankle Bursa and Ligament, Open Approach"
00P003Z,"Removal of Infusion Device from Brain, Open Approach"
0DL64ZZ,"Occlusion of Stomach, Percutaneous Endoscopic Approach"
0CN3XZZ,"Release Soft Palate, External Approach"
02LH3CZ,"Occlusion of Pulmonary Valve with Extraluminal Device, Percutaneous Approach"
0CBV4ZZ,"Excision of Left Vocal Cord, Percutaneous Endoscopic Approach"
0LM60ZZ,null
0DRW47Z,"Replacement of Peritoneum with Autologous Tissue Substitute, Percutaneous Endoscopic Approach"
0WHC4YZ,"Insertion of Other Device into Mediastinum, Percutaneous Endoscopic Approach"
002EXYZ,null
4A140R3,"Monitoring of Venous Saturation, Pulmonary, Open Approach"
0NHR44Z,"Insertion of Internal Fixation Device into Right Maxilla, Percutaneous Endoscopic Approach"
3E043WK,"Introduction of Immunostimulator into Central Vein, Percutaneous"
0SGP4JZ,"Fusion of Right Toe Phalangeal Joint with Synthetic Substitute, Percutaneous Endoscopic Approach"
0NPW0KZ,"Removal of Nonautologous Tissue Substitute from Facial Bone, Open Approach"
0SPH30Z,"Removal of Drainage Device from Right Tarsal Joint, Percutaneous Approach"
047P346,"Dilation of Right Anterior Tibial Artery, Bifurcation, with Drug-eluting Intraluminal Device, Percutaneous Approach"
0LMK4ZZ,"Reattachment of Left Hip Tendon, Percutaneous Endoscopic Approach"
00C90ZZ,"Extirpation of Matter from Thalamus, Open Approach"
03HB33Z,"Insertion of Infusion Device into Right Radial Artery, Percutaneous Approach"
04LQ4ZZ,"Occlusion of Left Anterior Tibial Artery, Percutaneous Endoscopic Approach"
0C9B0ZX,"Drainage of Right Parotid Duct, Open Approach, Diagnostic"
02HR33Z,"Insertion of Infusion Device into Left Pulmonary Artery, Percutaneous Approach"
0UB64ZZ,"Excision of Left Fallopian Tube, Percutaneous Endoscopic Approach"
0UW83DZ,"Revision of Intraluminal Device in Fallopian Tube, Percutaneous Approach"
037B3DZ,"Dilation of Right Radial Artery with Intraluminal Device, Percutaneous Approach"
037V076,"Dilation of Left Thyroid Artery, Bifurcation, with Four or More Drug-eluting Intraluminal Devices, Open Approach"
0CB00ZZ,"Excision of Upper Lip, Open Approach"
03NU0ZZ,"Release Right Thyroid Artery, Open Approach"
0SWL4JZ,"Revision of Synthetic Substitute in Left Metatarsal-Tarsal Joint, Percutaneous Endoscopic Approach"
08W,"Eye, Revision"
027T04Z,"Dilation of Left Pulmonary Vein with Drug-eluting Intraluminal Device, Open Approach"
087X7DZ,"Dilation of Right Lacrimal Duct with Intraluminal Device, Via Natural or Artificial Opening"
04R04KZ,"Replacement of Abdominal Aorta with Nonautologous Tissue Substitute, Percutaneous Endoscopic Approach"
07L94DZ,"Occlusion of Left Internal Mammary Lymphatic with Intraluminal Device, Percutaneous Endoscopic Approach"
027W3DZ,"Dilation of Thoracic Aorta, Descending with Intraluminal Device, Percutaneous Approach"
0YUC0JZ,"Supplement Right Upper Leg with Synthetic Substitute, Open Approach"
0Y0K0KZ,"Alteration of Right Ankle Region with Nonautologous Tissue Substitute, Open Approach"
05SY0ZZ,"Reposition Upper Vein, Open Approach"
07VF0DZ,"Restriction of Right Lower Extremity Lymphatic with Intraluminal Device, Open Approach"
0DX64Z5,"Transfer Stomach to Esophagus, Percutaneous Endoscopic Approach"
BH32YZZ,Magnetic Resonance Imaging (MRI) of Bilateral Breasts using Other Contrast
0C9NXZX,"Drainage of Uvula, External Approach, Diagnostic"
0JR10KZ,"Replacement of Face Subcutaneous Tissue and Fascia with Nonautologous Tissue Substitute, Open Approach"
061S47Y,"Bypass Left Lesser Saphenous Vein to Lower Vein with Autologous Tissue Substitute, Percutaneous Endoscopic Approach"
0SSC45Z,"Reposition Right Knee Joint with External Fixation Device, Percutaneous Endoscopic Approach"
0RP6X4Z,"Removal of Internal Fixation Device from Thoracic Vertebral Joint, External Approach"
05963ZZ,"Drainage of Left Subclavian Vein, Percutaneous Approach"
0MQ64ZZ,"Repair Left Wrist Bursa and Ligament, Percutaneous Endoscopic Approach"
3E053WL,"Introduction of Immunosuppressive into Peripheral Artery, Percutaneous"
00JE4ZZ,"Inspection of Cranial Nerve, Percutaneous Endoscopic Approach"
0WFG3ZZ,"Fragmentation in Peritoneal Cavity, Percutaneous Approach"
0LUV4KZ,"Supplement Right Foot Tendon with Nonautologous Tissue Substitute, Percutaneous Endoscopic Approach"
BN20YZZ,Computerized Tomography (CT Scan) of Skull using Other Contrast
0T130K3,"Bypass Right Kidney Pelvis to Right Kidney Pelvis with Nonautologous Tissue Substitute, Open Approach"
0DQT0ZZ,"Repair Lesser Omentum, Open Approach"
0SPCX4Z,"Removal of Internal Fixation Device from Right Knee Joint, External Approach"
0VW83KZ,"Revision of Nonautologous Tissue Substitute in Scrotum and Tunica Vaginalis, Percutaneous Approach"
07LH3ZZ,"Occlusion of Right Inguinal Lymphatic, Percutaneous Approach"
05BS3ZZ,"Excision of Left Vertebral Vein, Percutaneous Approach"
0T134JA,"Bypass Right Kidney Pelvis to Ileum with Synthetic Substitute, Percutaneous Endoscopic Approach"
021K0Z5,"Bypass Right Ventricle to Coronary Circulation, Open Approach"
0D154KA,"Bypass Esophagus to Jejunum with Nonautologous Tissue Substitute, Percutaneous Endoscopic Approach"
047H446,"Dilation of Right External Iliac Artery, Bifurcation, with Drug-eluting Intraluminal Device, Percutaneous Endoscopic Approach"
0WJ00ZZ,"Inspection of Head, Open Approach"
0KB44ZZ,"Excision of Tongue, Palate, Pharynx Muscle, Percutaneous Endoscopic Approach"
HZ3CZZZ,"Individual Counseling for Substance Abuse Treatment, Pre/Post-Test Infectious Disease"
0NH03MZ,"Insertion of Bone Growth Stimulator into Skull, Percutaneous Approach"
0QRC3KZ,"Replacement of Left Lower Femur with Nonautologous Tissue Substitute, Percutaneous Approach"
0UP84DZ,"Removal of Intraluminal Device from Fallopian Tube, Percutaneous Endoscopic Approach"
BH4CZZZ,Ultrasonography of Head and Neck
08P03CZ,"Removal of Extraluminal Device from Right Eye, Percutaneous Approach"
0NUC3JZ,"Supplement Right Sphenoid Bone with Synthetic Substitute, Percutaneous Approach"
03U437Z,"Supplement Left Subclavian Artery with Autologous Tissue Substitute, Percutaneous Approach"
04CP4Z6,"Extirpation of Matter from Right Anterior Tibial Artery, Bifurcation, Percutaneous Endoscopic Approach"
0MSR0ZZ,"Reposition Left Ankle Bursa and Ligament, Open Approach"
DV1099Z,High Dose Rate (HDR) Brachytherapy of Prostate using Iodine 125 (I-125)
0QUF4KZ,"Supplement Left Patella with Nonautologous Tissue Substitute, Percutaneous Endoscopic Approach"
067D4ZZ,"Dilation of Left Common Iliac Vein, Percutaneous Endoscopic Approach"
B314110,"Fluoroscopy of Left Common Carotid Artery using Low Osmolar Contrast, Laser Intraoperative"
0VPS87Z,"Removal of Autologous Tissue Substitute from Penis, Via Natural or Artificial Opening Endoscopic"
08LY7DZ,"Occlusion of Left Lacrimal Duct with Intraluminal Device, Via Natural or Artificial Opening"
0D9G8ZZ,"Drainage of Left Large Intestine, Via Natural or Artificial Opening Endoscopic"
059V30Z,"Drainage of Left Face Vein with Drainage Device, Percutaneous Approach"
0JUK37Z,"Supplement of Left Hand Subcutaneous Tissue and Fascia with Autologous Tissue Substitute, Percutaneous Approach"
0QPL35Z,"Removal of External Fixation Device from Right Tarsal, Percutaneous Approach"
04VJ0CZ,"Restriction of Left External Iliac Artery with Extraluminal Device, Open Approach"
0SP940Z,"Removal of Drainage Device from Right Hip Joint, Percutaneous Endoscopic Approach"
099W40Z,"Drainage of Right Sphenoid Sinus with Drainage Device, Percutaneous Endoscopic Approach"
B52S10Z,null
039B3ZX,"Drainage of Right Radial Artery, Percutaneous Approach, Diagnostic"
03VC0DZ,"Restriction of Left Radial Artery with Intraluminal Device, Open Approach"
0SW343Z,"Revision of Infusion Device in Lumbosacral Joint, Percutaneous Endoscopic Approach"
0DWD82Z,"Revision of Monitoring Device in Lower Intestinal Tract, Via Natural or Artificial Opening Endoscopic"
0Y3D4ZZ,"Control Bleeding in Left Upper Leg, Percutaneous Endoscopic Approach"
0UL67ZZ,"Occlusion of Left Fallopian Tube, Via Natural or Artificial Opening"
0D1B4J4,"Bypass Ileum to Cutaneous with Synthetic Substitute, Percutaneous Endoscopic Approach"
DD031ZZ,Beam Radiation of Jejunum using Photons 1 - 10 MeV
041F09K,"Bypass Left Internal Iliac Artery to Bilateral Femoral Arteries with Autologous Venous Tissue, Open Approach"
0KSH4ZZ,"Reposition Right Thorax Muscle, Percutaneous Endoscopic Approach"
047Q4D6,"Dilation of Left Anterior Tibial Artery, Bifurcation, with Intraluminal Device, Percutaneous Endoscopic Approach"
0NHL34Z,"Insertion of Internal Fixation Device into Left Palatine Bone, Percutaneous Approach"
0RPT08Z,"Removal of Spacer from Left Metacarpocarpal Joint, Open Approach"
CW1NDZZ,Planar Nuclear Medicine Imaging of Whole Body using Indium 111 (In-111)
09PK0KZ,"Removal of Nonautologous Tissue Substitute from Nose, Open Approach"
F07D6GZ,Therapeutic Exercise Treatment of Integumentary System - Head and Neck using Aerobic Endurance and Conditioning Equipment
0CQT0ZZ,"Repair Right Vocal Cord, Open Approach"
02WY42Z,"Revision of Monitoring Device in Great Vessel, Percutaneous Endoscopic Approach"
0QUL07Z,"Supplement Right Tarsal with Autologous Tissue Substitute, Open Approach"
0RWN00Z,"Revision of Drainage Device in Right Wrist Joint, Open Approach"
08R13JZ,"Replacement of Left Eye with Synthetic Substitute, Percutaneous Approach"
0RHU35Z,"Insertion of External Fixation Device into Right Metacarpophalangeal Joint, Percutaneous Approach"
0RGP34Z,"Fusion of Left Wrist Joint with Internal Fixation Device, Percutaneous Approach"
0HPPX7Z,null
0MWY47Z,"Revision of Autologous Tissue Substitute in Lower Bursa and Ligament, Percutaneous Endoscopic Approach"
0RHW44Z,"Insertion of Internal Fixation Device into Right Finger Phalangeal Joint, Percutaneous Endoscopic Approach"
BW19ZZZ,Fluoroscopy of Head and Neck
047W376,"Dilation of Left Foot Artery, Bifurcation, with Four or More Drug-eluting Intraluminal Devices, Percutaneous Approach"
04H233Z,"Insertion of Infusion Device into Gastric Artery, Percutaneous Approach"
03720EZ,"Dilation of Innominate Artery with Two Intraluminal Devices, Open Approach"
0RUH07Z,"Supplement Left Acromioclavicular Joint with Autologous Tissue Substitute, Open Approach"
B4030ZZ,Plain Radiography of Splenic Arteries using High Osmolar Contrast
3E0K36Z,"Introduction of Nutritional Substance into Genitourinary Tract, Percutaneous Approach"
00F53ZZ,"Fragmentation in Subarachnoid Space, Percutaneous Approach"
0RJ5XZZ,"Inspection of Cervicothoracic Vertebral Disc, External Approach"
00XL4ZM,"Transfer Abducens Nerve to Facial Nerve, Percutaneous Endoscopic Approach"
0X3B4ZZ,"Control Bleeding in Right Elbow Region, Percutaneous Endoscopic Approach"
0JRR3JZ,"Replacement of Left Foot Subcutaneous Tissue and Fascia with Synthetic Substitute, Percutaneous Approach"
0BV10DZ,"Restriction of Trachea with Intraluminal Device, Open Approach"
0CB90ZZ,"Excision of Left Parotid Gland, Open Approach"
0BV53DZ,"Restriction of Right Middle Lobe Bronchus with Intraluminal Device, Percutaneous Approach"
0PN74ZZ,"Release Right Glenoid Cavity, Percutaneous Endoscopic Approach"
0LW,"Tendons, Revision"
0NU837Z,"Supplement Left Occipital Bone with Autologous Tissue Substitute, Percutaneous Approach"
041J4Z9,"Bypass Left External Iliac Artery to Right Internal Iliac Artery, Percutaneous Endoscopic Approach"
0N9L0ZZ,"Drainage of Left Palatine Bone, Open Approach"
0L913ZX,"Drainage of Right Shoulder Tendon, Percutaneous Approach, Diagnostic"
0PS40ZZ,"Reposition Thoracic Vertebra, Open Approach"
09B3XZZ,"Excision of Right External Auditory Canal, External Approach"
F02Z1ZZ,Dressing Assessment
0RSLXZZ,"Reposition Right Elbow Joint, External Approach"
0C91XZZ,"Drainage of Lower Lip, External Approach"
0GBD3ZZ,"Excision of Aortic Body, Percutaneous Approach"
0P5P0ZZ,"Destruction of Right Metacarpal, Open Approach"
0RR00JZ,"Replacement of Occipital-cervical Joint with Synthetic Substitute, Open Approach"
0WPR41Z,"Removal of Radioactive Element from Genitourinary Tract, Percutaneous Endoscopic Approach"
03180J1,"Bypass Left Brachial Artery to Left Upper Arm Artery with Synthetic Substitute, Open Approach"
0QBK3ZX,"Excision of Left Fibula, Percutaneous Approach, Diagnostic"
09JD3ZZ,"Inspection of Right Inner Ear, Percutaneous Approach"
0NC43ZZ,"Extirpation of Matter from Left Parietal Bone, Percutaneous Approach"
0CUN07Z,"Supplement Uvula with Autologous Tissue Substitute, Open Approach"
0HBT0ZX,"Excision of Right Breast, Open Approach, Diagnostic"
0NW030Z,"Revision of Drainage Device in Skull, Percutaneous Approach"
041N0JL,"Bypass Left Popliteal Artery to Popliteal Artery with Synthetic Substitute, Open Approach"
037C0EZ,"Dilation of Left Radial Artery with Two Intraluminal Devices, Open Approach"
06HG0DZ,"Insertion of Intraluminal Device into Left External Iliac Vein, Open Approach"
0VQF3ZZ,"Repair Right Spermatic Cord, Percutaneous Approach"
0QS53ZZ,"Reposition Left Acetabulum, Percutaneous Approach"
0SU93JZ,"Supplement Right Hip Joint with Synthetic Substitute, Percutaneous Approach"
047P346,null
3E063RZ,"Introduction of Antiarrhythmic into Central Artery, Percutaneous Approach"
0LQ23ZZ,"Repair Left Shoulder Tendon, Percutaneous Approach"
05H003Z,"Insertion of Infusion Device into Azygos Vein, Open Approach"
037V466,"Dilation of Left Thyroid Artery, Bifurcation, with Three Drug-eluting Intraluminal Devices, Percutaneous Endoscopic Approach"
037K4ZZ,"Dilation of Right Internal Carotid Artery, Percutaneous Endoscopic Approach"
047M0G6,"Dilation of Right Popliteal Artery, Bifurcation, with Four or More Intraluminal Devices, Open Approach"
0WH601Z,"Insertion of Radioactive Element into Neck, Open Approach"
0WB80ZX,"Excision of Chest Wall, Open Approach, Diagnostic"
0TT,"Urinary System, Resection"
0FPB07Z,"Removal of Autologous Tissue Substitute from Hepatobiliary Duct, Open Approach"
0PST0ZZ,"Reposition Right Finger Phalanx, Open Approach"
3E0G7KZ,"Introduction of Other Diagnostic Substance into Upper GI, Via Natural or Artificial Opening"
0PS6XZZ,"Reposition Left Scapula, External Approach"
0JX93ZB,"Transfer Buttock Subcutaneous Tissue and Fascia with Skin and Subcutaneous Tissue, Percutaneous Approach"
0BWL30Z,"Revision of Drainage Device in Left Lung, Percutaneous Approach"
051N0JY,"Bypass Left Internal Jugular Vein to Upper Vein with Synthetic Substitute, Open Approach"
B421ZZZ,Computerized Tomography (CT Scan) of Celiac Artery
037A45Z,"Dilation of Left Ulnar Artery with Two Drug-eluting Intraluminal Devices, Percutaneous Endoscopic Approach"
02NX3ZZ,"Release Thoracic Aorta, Ascending/Arch, Percutaneous Approach"
F07K3FZ,"Motor Function Treatment of Musculoskeletal System - Upper Back / Upper Extremity using Assistive, Adaptive, Supportive or Protective Equipment"
09UN0JZ,"Supplement Nasopharynx with Synthetic Substitute, Open Approach"
B30N0ZZ,Plain Radiography of Other Upper Arteries using High Osmolar Contrast
0HTWXZZ,"Resection of Right Nipple, External Approach"
03L23ZZ,"Occlusion of Innominate Artery, Percutaneous Approach"
04U037Z,"Supplement Abdominal Aorta with Autologous Tissue Substitute, Percutaneous Approach"
30260V0,"Transfusion of Autologous Antihemophilic Factors into Central Artery, Open Approach"
05CM0ZZ,"Extirpation of Matter from Right Internal Jugular Vein, Open Approach"
0U9G0ZX,"Drainage of Vagina, Open Approach, Diagnostic"
0KUR0KZ,"Supplement Left Upper Leg Muscle with Nonautologous Tissue Substitute, Open Approach"
0BH40GZ,"Insertion of Endobronchial Valve into Right Upper Lobe Bronchus, Open Approach"
F02ZFYZ,Pain Assessment using Other Equipment
0WPRX3Z,"Removal of Infusion Device from Genitourinary Tract, External Approach"
05LV0CZ,"Occlusion of Left Face Vein with Extraluminal Device, Open Approach"
0RPH4KZ,"Removal of Nonautologous Tissue Substitute from Left Acromioclavicular Joint, Percutaneous Endoscopic Approach"
0D150Z4,"Bypass Esophagus to Cutaneous, Open Approach"
0BFBXZZ,"Fragmentation in Left Lower Lobe Bronchus, External Approach"
3E0H83Z,"Introduction of Anti-inflammatory into Lower GI, Via Natural or Artificial Opening Endoscopic"
F08K5UZ,Wound Management Treatment of Musculoskeletal System - Upper Back / Upper Extremity using Prosthesis
04L93CZ,"Occlusion of Right Renal Artery with Extraluminal Device, Percutaneous Approach"
09WJ7DZ,"Revision of Intraluminal Device in Left Ear, Via Natural or Artificial Opening"
06LT0CZ,"Occlusion of Right Foot Vein with Extraluminal Device, Open Approach"
0D9Q7ZZ,"Drainage of Anus, Via Natural or Artificial Opening"
0KX70Z2,"Transfer Right Upper Arm Muscle with Skin and Subcutaneous Tissue, Open Approach"
0GQ74ZZ,"Repair Right Carotid Body, Percutaneous Endoscopic Approach"
0X983ZZ,"Drainage of Right Upper Arm, Percutaneous Approach"
0GMN0ZZ,"Reattachment of Right Inferior Parathyroid Gland, Open Approach"
0RUR3KZ,"Supplement Left Carpal Joint with Nonautologous Tissue Substitute, Percutaneous Approach"
099P0ZZ,"Drainage of Accessory Sinus, Open Approach"
0S9C0ZZ,"Drainage of Right Knee Joint, Open Approach"
09R907Z,"Replacement of Right Auditory Ossicle with Autologous Tissue Substitute, Open Approach"
05RN47Z,"Replacement of Left Internal Jugular Vein with Autologous Tissue Substitute, Percutaneous Endoscopic Approach"
3E0K729,"Introduction of Other Anti-infective into Genitourinary Tract, Via Natural or Artificial Opening"
0RG63Z0,"Fusion of Thoracic Vertebral Joint, Anterior Approach, Anterior Column, Percutaneous Approach"
0X3G4ZZ,"Control Bleeding in Right Wrist Region, Percutaneous Endoscopic Approach"
0SU20KZ,"Supplement Lumbar Vertebral Disc with Nonautologous Tissue Substitute, Open Approach"
0Y6X0Z0,"Detachment at Right 5th Toe, Complete, Open Approach"
0UQ13ZZ,"Repair Left Ovary, Percutaneous Approach"
05QV4ZZ,"Repair Left Face Vein, Percutaneous Endoscopic Approach"
09R1X7Z,"Replacement of Left External Ear with Autologous Tissue Substitute, External Approach"
04VB3CZ,"Restriction of Inferior Mesenteric Artery with Extraluminal Device, Percutaneous Approach"
0HHW8NZ,"Insertion of Tissue Expander into Right Nipple, Via Natural or Artificial Opening Endoscopic"
BR15ZZZ,Fluoroscopy of Thoracic Facet Joint(s)
0PUR07Z,"Supplement Right Thumb Phalanx with Autologous Tissue Substitute, Open Approach"
0Y9C0ZX,"Drainage of Right Upper Leg, Open Approach, Diagnostic"
B52SY0Z,"Computerized Tomography (CT Scan) of Bilateral Pulmonary Veins using Other Contrast, Unenhanced and Enhanced"
BQ2RYZZ,Computerized Tomography (CT Scan) of Right Lower Extremity using Other Contrast
0F993ZZ,"Drainage of Common Bile Duct, Percutaneous Approach"
0RJU3ZZ,"Inspection of Right Metacarpophalangeal Joint, Percutaneous Approach"
0WHG43Z,"Insertion of Infusion Device into Peritoneal Cavity, Percutaneous Endoscopic Approach"
0RGS3JZ,"Fusion of Right Metacarpocarpal Joint with Synthetic Substitute, Percutaneous Approach"
021749T,"Bypass Left Atrium to Left Pulmonary Vein with Autologous Venous Tissue, Percutaneous Endoscopic Approach"
02N83ZZ,"Release Conduction Mechanism, Percutaneous Approach"
09PJ4JZ,"Removal of Synthetic Substitute from Left Ear, Percutaneous Endoscopic Approach"
041F4ZP,"Bypass Left Internal Iliac Artery to Foot Artery, Percutaneous Endoscopic Approach"
89,"Eye, Drainage"
0US74ZZ,"Reposition Bilateral Fallopian Tubes, Percutaneous Endoscopic Approach"
0RUB4JZ,"Supplement Thoracolumbar Vertebral Disc with Synthetic Substitute, Percutaneous Endoscopic Approach"
3E0Q3GC,"Introduction of Other Therapeutic Substance into Cranial Cavity and Brain, Percutaneous Approach"
2W13X7Z,Compression of Abdominal Wall using Intermittent Pressure Device
0PSH35Z,"Reposition Right Radius with External Fixation Device, Percutaneous Approach"
0RWGXJZ,"Revision of Synthetic Substitute in Right Acromioclavicular Joint, External Approach"
0S9Q00Z,"Drainage of Left Toe Phalangeal Joint with Drainage Device, Open Approach"
4A00X4Z,"Measurement of Central Nervous Electrical Activity, External Approach"
3E0Q0E1,"Introduction of Nonautologous Somatic Stem Cells into Cranial Cavity and Brain, Open Approach"
0D19879,"Bypass Duodenum to Duodenum with Autologous Tissue Substitute, Via Natural or Artificial Opening Endoscopic"
0F150Z9,"Bypass Right Hepatic Duct to Common Bile Duct, Open Approach"
041D0K8,"Bypass Left Common Iliac Artery to Bilateral Common Iliac Arteries with Nonautologous Tissue Substitute, Open Approach"
04BU4ZZ,"Excision of Left Peroneal Artery, Percutaneous Endoscopic Approach"
9WB1XDZ,"Chiropractic Manipulation of Cervical Region, Extra-Articular"
D723DZZ,Stereotactic Other Photon Radiosurgery of Neck Lymphatics
07LJ4ZZ,"Occlusion of Left Inguinal Lymphatic, Percutaneous Endoscopic Approach"
06R947Z,"Replacement of Right Renal Vein with Autologous Tissue Substitute, Percutaneous Endoscopic Approach"
0X0F3JZ,"Alteration of Left Lower Arm with Synthetic Substitute, Percutaneous Approach"
0MX44ZZ,"Transfer Left Elbow Bursa and Ligament, Percutaneous Endoscopic Approach"
09Q44ZZ,"Repair Left External Auditory Canal, Percutaneous Endoscopic Approach"
0DP67CZ,"Removal of Extraluminal Device from Stomach, Via Natural or Artificial Opening"
041D0JG,"Bypass Left Common Iliac Artery to Bilateral External Iliac Arteries with Synthetic Substitute, Open Approach"
0QSH35Z,"Reposition Left Tibia with External Fixation Device, Percutaneous Approach"
0PWF0KZ,"Revision of Nonautologous Tissue Substitute in Right Humeral Shaft, Open Approach"
0SGD4KZ,"Fusion of Left Knee Joint with Nonautologous Tissue Substitute, Percutaneous Endoscopic Approach"
0P9N0ZX,"Drainage of Left Carpal, Open Approach, Diagnostic"
0JH80EZ,null
0YWB33Z,"Revision of Infusion Device in Left Lower Extremity, Percutaneous Approach"
0P9200Z,"Drainage of Left Rib with Drainage Device, Open Approach"
0X6K0Z5,"Detachment at Left Hand, Complete 2nd Ray, Open Approach"
041D4A3,"Bypass Left Common Iliac Artery to Right Renal Artery with Autologous Arterial Tissue, Percutaneous Endoscopic Approach"
0X334ZZ,"Control Bleeding in Left Shoulder Region, Percutaneous Endoscopic Approach"
021748R,"Bypass Left Atrium to Left Pulmonary Artery with Zooplastic Tissue, Percutaneous Endoscopic Approach"
0DCR3ZZ,"Extirpation of Matter from Anal Sphincter, Percutaneous Approach"
0BPT77Z,"Removal of Autologous Tissue Substitute from Diaphragm, Via Natural or Artificial Opening"
0RRT07Z,"Replacement of Left Metacarpocarpal Joint with Autologous Tissue Substitute, Open Approach"
0W0F07Z,"Alteration of Abdominal Wall with Autologous Tissue Substitute, Open Approach"
0D194JA,"Bypass Duodenum to Jejunum with Synthetic Substitute, Percutaneous Endoscopic Approach"
B51RZZZ,Fluoroscopy of Left Pulmonary Vein
06CC4ZZ,"Extirpation of Matter from Right Common Iliac Vein, Percutaneous Endoscopic Approach"
0RWJ4KZ,"Revision of Nonautologous Tissue Substitute in Right Shoulder Joint, Percutaneous Endoscopic Approach"
0T574ZZ,"Destruction of Left Ureter, Percutaneous Endoscopic Approach"
0NBP4ZX,"Excision of Right Orbit, Percutaneous Endoscopic Approach, Diagnostic"
0V1Q07N,"Bypass Bilateral Vas Deferens to Right Vas Deferens with Autologous Tissue Substitute, Open Approach"
03LT0ZZ,"Occlusion of Left Temporal Artery, Open Approach"
0LN1XZZ,"Release Right Shoulder Tendon, External Approach"
0M5M4ZZ,"Destruction of Left Hip Bursa and Ligament, Percutaneous Endoscopic Approach"
0V553ZZ,"Destruction of Scrotum, Percutaneous Approach"
0HH,"Skin and Breast, Insertion"
0SWL33Z,"Revision of Infusion Device in Left Metatarsal-Tarsal Joint, Percutaneous Approach"
047Y4Z6,"Dilation of Lower Artery, Bifurcation, Percutaneous Endoscopic Approach"
037V076,null
0RPQX4Z,"Removal of Internal Fixation Device from Right Carpal Joint, External Approach"
04UR37Z,"Supplement Right Posterior Tibial Artery with Autologous Tissue Substitute, Percutaneous Approach"
0D7B8DZ,"Dilation of Ileum with Intraluminal Device, Via Natural or Artificial Opening Endoscopic"
07UK0KZ,"Supplement Thoracic Duct with Nonautologous Tissue Substitute, Open Approach"
037V3EZ,"Dilation of Left Thyroid Artery with Two Intraluminal Devices, Percutaneous Approach"
02QJ4ZZ,"Repair Tricuspid Valve, Percutaneous Endoscopic Approach"
5A05121,"Extracorporeal Hyperbaric Oxygenation, Intermittent"
0WHF33Z,"Insertion of Infusion Device into Abdominal Wall, Percutaneous Approach"
0RG20KJ,"Fusion of 2 or more Cervical Vertebral Joints with Nonautologous Tissue Substitute, Posterior Approach, Anterior Column, Open Approach"
BN20ZZZ,Computerized Tomography (CT Scan) of Skull
0H5X0ZZ,"Destruction of Left Nipple, Open Approach"
0C9R3ZX,"Drainage of Epiglottis, Percutaneous Approach, Diagnostic"
0NSM44Z,"Reposition Right Zygomatic Bone with Internal Fixation Device, Percutaneous Endoscopic Approach"
0WWN31Z,"Revision of Radioactive Element in Female Perineum, Percutaneous Approach"
F07L2ZZ,null
0FWD3KZ,"Revision of Nonautologous Tissue Substitute in Pancreatic Duct, Percutaneous Approach"
0WQLXZZ,"Repair Lower Back, External Approach"
0JHG0NZ,"Insertion of Tissue Expander into Right Lower Arm Subcutaneous Tissue and Fascia, Open Approach"
09Q47ZZ,"Repair Left External Auditory Canal, Via Natural or Artificial Opening"
0SWL48Z,"Revision of Spacer in Left Metatarsal-Tarsal Joint, Percutaneous Endoscopic Approach"
0LM60ZZ,"Reattachment of Left Lower Arm and Wrist Tendon, Open Approach"
BR14YZZ,Fluoroscopy of Cervical Facet Joint(s) using Other Contrast
0RWVXKZ,"Revision of Nonautologous Tissue Substitute in Left Metacarpophalangeal Joint, External Approach"
0RPU3KZ,"Removal of Nonautologous Tissue Substitute from Right Metacarpophalangeal Joint, Percutaneous Approach"
0PQH4ZZ,null
07C64ZZ,"Extirpation of Matter from Left Axillary Lymphatic, Percutaneous Endoscopic Approach"
0BBP0ZX,"Excision of Left Pleura, Open Approach, Diagnostic"
0SPM03Z,"Removal of Infusion Device from Right Metatarsal-Phalangeal Joint, Open Approach"
0NBR0ZZ,"Excision of Right Maxilla, Open Approach"
03RB0JZ,"Replacement of Right Radial Artery with Synthetic Substitute, Open Approach"
09N37ZZ,"Release Right External Auditory Canal, Via Natural or Artificial Opening"
04100AJ,"Bypass Abdominal Aorta to Left Femoral Artery with Autologous Arterial Tissue, Open Approach"
0MBJ3ZZ,"Excision of Left Abdomen Bursa and Ligament, Percutaneous Approach"
3E1B38Z,"Irrigation of Ear using Irrigating Substance, Percutaneous Approach"
0PU10KZ,"Supplement Right Rib with Nonautologous Tissue Substitute, Open Approach"
047A3FZ,"Dilation of Left Renal Artery with Three Intraluminal Devices, Percutaneous Approach"
C23GYZZ,Positron Emission Tomographic (PET) Imaging of Myocardium using Other Radionuclide
0BWQ42Z,"Revision of Monitoring Device in Pleura, Percutaneous Endoscopic Approach"
0J2SXYZ,"Change Other Device in Head and Neck Subcutaneous Tissue and Fascia, External Approach"
0UPD7JZ,"Removal of Synthetic Substitute from Uterus and Cervix, Via Natural or Artificial Opening"
0LRT07Z,"Replacement of Left Ankle Tendon with Autologous Tissue Substitute, Open Approach"
06V94CZ,"Restriction of Right Renal Vein with Extraluminal Device, Percutaneous Endoscopic Approach"
0SWL38Z,"Revision of Spacer in Left Metatarsal-Tarsal Joint, Percutaneous Approach"
0KUR4KZ,"Supplement Left Upper Leg Muscle with Nonautologous Tissue Substitute, Percutaneous Endoscopic Approach"
02130JC,"Bypass Coronary Artery, Four or More Arteries from Thoracic Artery with Synthetic Substitute, Open Approach"
09JD4ZZ,"Inspection of Right Inner Ear, Percutaneous Endoscopic Approach"
05HN03Z,"Insertion of Infusion Device into Left Internal Jugular Vein, Open Approach"
0RPT0JZ,"Removal of Synthetic Substitute from Left Metacarpocarpal Joint, Open Approach"
0SP334Z,"Removal of Internal Fixation Device from Lumbosacral Joint, Percutaneous Approach"
07WPX0Z,"Revision of Drainage Device in Spleen, External Approach"
021049W,"Bypass Coronary Artery, One Artery from Aorta with Autologous Venous Tissue, Percutaneous Endoscopic Approach"
0V993ZZ,"Drainage of Right Testis, Percutaneous Approach"
04LM3DZ,"Occlusion of Right Popliteal Artery with Intraluminal Device, Percutaneous Approach"
0LBQ0ZZ,"Excision of Right Knee Tendon, Open Approach"
D91B97Z,High Dose Rate (HDR) Brachytherapy of Larynx using Cesium 137 (Cs-137)
025R4ZZ,"Destruction of Left Pulmonary Artery, Percutaneous Endoscopic Approach"
0WW503Z,"Revision of Infusion Device in Lower Jaw, Open Approach"
D724DZZ,Stereotactic Other Photon Radiosurgery of Axillary Lymphatics
C81,"Nuclear Medicine, Eye, Planar Nuclear Medicine Imaging"
051C09Y,"Bypass Left Basilic Vein to Upper Vein with Autologous Venous Tissue, Open Approach"
03BM4ZX,"Excision of Right External Carotid Artery, Percutaneous Endoscopic Approach, Diagnostic"
0LBQ0ZX,"Excision of Right Knee Tendon, Open Approach, Diagnostic"
0V9T00Z,"Drainage of Prepuce with Drainage Device, Open Approach"
0PBT4ZX,"Excision of Right Finger Phalanx, Percutaneous Endoscopic Approach, Diagnostic"
B31H110,"Fluoroscopy of Right Upper Extremity Arteries using Low Osmolar Contrast, Laser Intraoperative"
0KBK4ZX,"Excision of Right Abdomen Muscle, Percutaneous Endoscopic Approach, Diagnostic"
0SH904Z,"Insertion of Internal Fixation Device into Right Hip Joint, Open Approach"
0SPK34Z,"Removal of Internal Fixation Device from Right Metatarsal-Tarsal Joint, Percutaneous Approach"
0BQK7ZZ,"Repair Right Lung, Via Natural or Artificial Opening"
001U3J6,null
0RGD4JZ,"Fusion of Left Temporomandibular Joint with Synthetic Substitute, Percutaneous Endoscopic Approach"
0PC44ZZ,"Extirpation of Matter from Thoracic Vertebra, Percutaneous Endoscopic Approach"
0SJJ3ZZ,"Inspection of Left Tarsal Joint, Percutaneous Approach"
0DLC0DZ,"Occlusion of Ileocecal Valve with Intraluminal Device, Open Approach"
0X990ZX,"Drainage of Left Upper Arm, Open Approach, Diagnostic"
BU091ZZ,Plain Radiography of Vagina using Low Osmolar Contrast
06B53ZZ,"Excision of Superior Mesenteric Vein, Percutaneous Approach"
09Q10ZZ,"Repair Left External Ear, Open Approach"
0DW03KZ,"Revision of Nonautologous Tissue Substitute in Upper Intestinal Tract, Percutaneous Approach"
DT11B8Z,Low Dose Rate (LDR) Brachytherapy of Ureter using Iridium 192 (Ir-192)
0N513ZZ,"Destruction of Right Frontal Bone, Percutaneous Approach"
039K30Z,"Drainage of Right Internal Carotid Artery with Drainage Device, Percutaneous Approach"
01S13ZZ,"Reposition Cervical Nerve, Percutaneous Approach"
0X983ZZ,null
0SW207Z,"Revision of Autologous Tissue Substitute in Lumbar Vertebral Disc, Open Approach"
061S0KY,"Bypass Left Lesser Saphenous Vein to Lower Vein with Nonautologous Tissue Substitute, Open Approach"
0CPS3JZ,"Removal of Synthetic Substitute from Larynx, Percutaneous Approach"
0W0F0ZZ,"Alteration of Abdominal Wall, Open Approach"
02RH48Z,"Replacement of Pulmonary Valve with Zooplastic Tissue, Percutaneous Endoscopic Approach"
0QW337Z,"Revision of Autologous Tissue Substitute in Left Pelvic Bone, Percutaneous Approach"
0RWQ44Z,"Revision of Internal Fixation Device in Right Carpal Joint, Percutaneous Endoscopic Approach"
06510ZZ,"Destruction of Splenic Vein, Open Approach"
041049K,"Bypass Abdominal Aorta to Bilateral Femoral Arteries with Autologous Venous Tissue, Percutaneous Endoscopic Approach"
0W9K0ZX,null
0SPK45Z,"Removal of External Fixation Device from Right Metatarsal-Tarsal Joint, Percutaneous Endoscopic Approach"
0QHQ04Z,"Insertion of Internal Fixation Device into Right Toe Phalanx, Open Approach"
0MD74ZZ,"Extraction of Right Hand Bursa and Ligament, Percutaneous Endoscopic Approach"
0NSJ34Z,"Reposition Left Lacrimal Bone with Internal Fixation Device, Percutaneous Approach"
0RG80JJ,"Fusion of 8 or more Thoracic Vertebral Joints with Synthetic Substitute, Posterior Approach, Anterior Column, Open Approach"
06B63ZZ,"Excision of Inferior Mesenteric Vein, Percutaneous Approach"
0RWT07Z,"Revision of Autologous Tissue Substitute in Left Metacarpocarpal Joint, Open Approach"
0MNR4ZZ,"Release Left Ankle Bursa and Ligament, Percutaneous Endoscopic Approach"
0Q9L40Z,"Drainage of Right Tarsal with Drainage Device, Percutaneous Endoscopic Approach"
047035Z,"Dilation of Abdominal Aorta with Two Drug-eluting Intraluminal Devices, Percutaneous Approach"
0DPD30Z,"Removal of Drainage Device from Lower Intestinal Tract, Percutaneous Approach"
0QP507Z,"Removal of Autologous Tissue Substitute from Left Acetabulum, Open Approach"
0QSM05Z,"Reposition Left Tarsal with External Fixation Device, Open Approach"
3E0F829,"Introduction of Other Anti-infective into Respiratory Tract, Via Natural or Artificial Opening Endoscopic"
00570ZZ,"Destruction of Cerebral Hemisphere, Open Approach"
02B43ZX,"Excision of Coronary Vein, Percutaneous Approach, Diagnostic"
0HQ2XZZ,"Repair Right Ear Skin, External Approach"
06HJ4DZ,"Insertion of Intraluminal Device into Left Hypogastric Vein, Percutaneous Endoscopic Approach"
02QG3ZE,"Repair Mitral Valve created from Left Atrioventricular Valve, Percutaneous Approach"
0T130K9,"Bypass Right Kidney Pelvis to Colocutaneous with Nonautologous Tissue Substitute, Open Approach"
0JH80EZ,"Insertion of Multiple Array Rechargeable Stimulator Generator into Abdomen Subcutaneous Tissue and Fascia, Open Approach"
0DWD3UZ,"Revision of Feeding Device in Lower Intestinal Tract, Percutaneous Approach"
0PQH4ZZ,"Repair Right Radius, Percutaneous Endoscopic Approach"
0CS2XZZ,"Reposition Hard Palate, External Approach"
B4000ZZ,Plain Radiography of Abdominal Aorta using High Osmolar Contrast
0W9K0ZX,"Drainage of Upper Back, Open Approach, Diagnostic"
0DVK3DZ,"Restriction of Ascending Colon with Intraluminal Device, Percutaneous Approach"
DH040ZZ,Beam Radiation of Arm Skin using Photons <1 MeV
0MD00ZZ,"Extraction of Head and Neck Bursa and Ligament, Open Approach"
00PVX2Z,"Removal of Monitoring Device from Spinal Cord, External Approach"
0KB30ZZ,"Excision of Left Neck Muscle, Open Approach"
0QW904Z,"Revision of Internal Fixation Device in Left Femoral Shaft, Open Approach"
0SPH44Z,"Removal of Internal Fixation Device from Right Tarsal Joint, Percutaneous Endoscopic Approach"
0WJKXZZ,"Inspection of Upper Back, External Approach"
03LP0CZ,"Occlusion of Right Vertebral Artery with Extraluminal Device, Open Approach"
0GCB0ZZ,"Extirpation of Matter from Coccygeal Glomus, Open Approach"
0V9S30Z,"Drainage of Penis with Drainage Device, Percutaneous Approach"
0RG407J,"Fusion of Cervicothoracic Vertebral Joint with Autologous Tissue Substitute, Posterior Approach, Anterior Column, Open Approach"
0SRS03Z,"Replacement of Left Hip Joint, Femoral Surface with Ceramic Synthetic Substitute, Open Approach"
0TD04ZZ,"Extraction of Right Kidney, Percutaneous Endoscopic Approach"
03CA3Z6,"Extirpation of Matter from Left Ulnar Artery, Bifurcation, Percutaneous Approach"
0FRC47Z,"Replacement of Ampulla of Vater with Autologous Tissue Substitute, Percutaneous Endoscopic Approach"
0RG647J,"Fusion of Thoracic Vertebral Joint with Autologous Tissue Substitute, Posterior Approach, Anterior Column, Percutaneous Endoscopic Approach"
0RUW0JZ,"Supplement Right Finger Phalangeal Joint with Synthetic Substitute, Open Approach"
037S47Z,"Dilation of Right Temporal Artery with Four or More Drug-eluting Intraluminal Devices, Percutaneous Endoscopic Approach"
0PCQ4ZZ,"Extirpation of Matter from Left Metacarpal, Percutaneous Endoscopic Approach"
02103D4,"Bypass Coronary Artery, One Artery from Coronary Vein with Intraluminal Device, Percutaneous Approach"
05HC4DZ,"Insertion of Intraluminal Device into Left Basilic Vein, Percutaneous Endoscopic Approach"
XNS,"New Technology, Bones, Reposition"
0QN34ZZ,"Release Left Pelvic Bone, Percutaneous Endoscopic Approach"
0MQ94ZZ,"Repair Right Upper Extremity Bursa and Ligament, Percutaneous Endoscopic Approach"
0JBQ3ZX,"Excision of Right Foot Subcutaneous Tissue and Fascia, Percutaneous Approach, Diagnostic"
03190K3,"Bypass Right Ulnar Artery to Right Lower Arm Artery with Nonautologous Tissue Substitute, Open Approach"
04U047Z,"Supplement Abdominal Aorta with Autologous Tissue Substitute, Percutaneous Endoscopic Approach"
03U807Z,"Supplement Left Brachial Artery with Autologous Tissue Substitute, Open Approach"
03724FZ,"Dilation of Innominate Artery with Three Intraluminal Devices, Percutaneous Endoscopic Approach"
08P00KZ,"Removal of Nonautologous Tissue Substitute from Right Eye, Open Approach"
09JYXZZ,"Inspection of Sinus, External Approach"
049J00Z,"Drainage of Left External Iliac Artery with Drainage Device, Open Approach"
0RH333Z,"Insertion of Infusion Device into Cervical Vertebral Disc, Percutaneous Approach"
9WB1XKZ,"Chiropractic Manipulation of Cervical Region, Mechanically Assisted"
06VN0DZ,"Restriction of Left Femoral Vein with Intraluminal Device, Open Approach"
0NBP0ZX,"Excision of Right Orbit, Open Approach, Diagnostic"
0F510ZZ,"Destruction of Right Lobe Liver, Open Approach"
02CL4ZZ,"Extirpation of Matter from Left Ventricle, Percutaneous Endoscopic Approach"
03BT0ZZ,"Excision of Left Temporal Artery, Open Approach"
2W02X3Z,Change Brace on Neck
0BBH0ZZ,"Excision of Lung Lingula, Open Approach"
04NA0ZZ,"Release Left Renal Artery, Open Approach"
CW1DSZZ,Planar Nuclear Medicine Imaging of Lower Extremity using Thallium 201 (Tl-201)
0D9A8ZZ,"Drainage of Jejunum, Via Natural or Artificial Opening Endoscopic"
0RTU0ZZ,"Resection of Right Metacarpophalangeal Joint, Open Approach"
08T8XZZ,"Resection of Right Cornea, External Approach"
04QD0ZZ,"Repair Left Common Iliac Artery, Open Approach"
0DLF3ZZ,"Occlusion of Right Large Intestine, Percutaneous Approach"
0YUQ0KZ,"Supplement Left 1st Toe with Nonautologous Tissue Substitute, Open Approach"
2W05X6Z,Change Pressure Dressing on Back
0Y680ZZ,"Detachment at Left Femoral Region, Open Approach"
0LC43ZZ,"Extirpation of Matter from Left Upper Arm Tendon, Percutaneous Approach"
CF16YZZ,Planar Nuclear Medicine Imaging of Liver and Spleen using Other Radionuclide
0D1547A,"Bypass Esophagus to Jejunum with Autologous Tissue Substitute, Percutaneous Endoscopic Approach"
0PTF0ZZ,"Resection of Right Humeral Shaft, Open Approach"
0PW2XJZ,"Revision of Synthetic Substitute in Left Rib, External Approach"
0NQB0ZZ,"Repair Nasal Bone, Open Approach"
0SGM37Z,"Fusion of Right Metatarsal-Phalangeal Joint with Autologous Tissue Substitute, Percutaneous Approach"
0Q9L0ZZ,"Drainage of Right Tarsal, Open Approach"
04RD4KZ,"Replacement of Left Common Iliac Artery with Nonautologous Tissue Substitute, Percutaneous Endoscopic Approach"
0U9730Z,null
0CCH3ZZ,"Extirpation of Matter from Left Submaxillary Gland, Percutaneous Approach"
0JNGXZZ,"Release Right Lower Arm Subcutaneous Tissue and Fascia, External Approach"
02RG0KZ,"Replacement of Mitral Valve with Nonautologous Tissue Substitute, Open Approach"
8C01X6J,Collection of Cerebrospinal Fluid from Indwelling Device in Nervous System
047L04Z,"Dilation of Left Femoral Artery with Drug-eluting Intraluminal Device, Open Approach"
0NS704Z,"Reposition Right Occipital Bone with Internal Fixation Device, Open Approach"
0KB20ZZ,"Excision of Right Neck Muscle, Open Approach"
037S4E6,"Dilation of Right Temporal Artery, Bifurcation, with Two Intraluminal Devices, Percutaneous Endoscopic Approach"
2W3DX2Z,Immobilization of Left Lower Arm using Cast
0PW7XJZ,"Revision of Synthetic Substitute in Right Glenoid Cavity, External Approach"
06BY0ZC,"Excision of Hemorrhoidal Plexus, Open Approach"
0TL44CZ,"Occlusion of Left Kidney Pelvis with Extraluminal Device, Percutaneous Endoscopic Approach"
05H133Z,"Insertion of Infusion Device into Hemiazygos Vein, Percutaneous Approach"
0F9D0ZX,"Drainage of Pancreatic Duct, Open Approach, Diagnostic"
0PCJ0ZZ,"Extirpation of Matter from Left Radius, Open Approach"
0DUN8KZ,"Supplement Sigmoid Colon with Nonautologous Tissue Substitute, Via Natural or Artificial Opening Endoscopic"
DB15BBZ,Low Dose Rate (LDR) Brachytherapy of Pleura using Palladium 103 (Pd-103)
4A1Z7KZ,"Monitoring of Temperature, Via Natural or Artificial Opening"
3E0BX29,"Introduction of Other Anti-infective into Ear, External Approach"
B52FYZZ,Computerized Tomography (CT Scan) of Right Pelvic (Iliac) Veins using Other Contrast
0KTL4ZZ,"Resection of Left Abdomen Muscle, Percutaneous Endoscopic Approach"
0FL90DZ,"Occlusion of Common Bile Duct with Intraluminal Device, Open Approach"
0RWS0JZ,"Revision of Synthetic Substitute in Right Metacarpocarpal Joint, Open Approach"
0DLQ8DZ,"Occlusion of Anus with Intraluminal Device, Via Natural or Artificial Opening Endoscopic"
0D9L3ZZ,"Drainage of Transverse Colon, Percutaneous Approach"
0JNG3ZZ,"Release Right Lower Arm Subcutaneous Tissue and Fascia, Percutaneous Approach"
0D124K6,"Bypass Middle Esophagus to Stomach with Nonautologous Tissue Substitute, Percutaneous Endoscopic Approach"
0BH18DZ,"Insertion of Intraluminal Device into Trachea, Via Natural or Artificial Opening Endoscopic"
047C37Z,"Dilation of Right Common Iliac Artery with Four or More Drug-eluting Intraluminal Devices, Percutaneous Approach"
0NUK0JZ,"Supplement Right Palatine Bone with Synthetic Substitute, Open Approach"
0JU13KZ,"Supplement of Face Subcutaneous Tissue and Fascia with Nonautologous Tissue Substitute, Percutaneous Approach"
0R9D0ZX,"Drainage of Left Temporomandibular Joint, Open Approach, Diagnostic"
0RPL34Z,"Removal of Internal Fixation Device from Right Elbow Joint, Percutaneous Approach"
DPY4FZZ,Plaque Radiation of Sternum
0L933ZX,"Drainage of Right Upper Arm Tendon, Percutaneous Approach, Diagnostic"
3E08017,"Introduction of Other Thrombolytic into Heart, Open Approach"
047S0Z6,"Dilation of Left Posterior Tibial Artery, Bifurcation, Open Approach"
0M924ZX,"Drainage of Left Shoulder Bursa and Ligament, Percutaneous Endoscopic Approach, Diagnostic"
B212Y10,"Fluoroscopy of Single Coronary Artery Bypass Graft using Other Contrast, Laser Intraoperative"
0TB64ZX,"Excision of Right Ureter, Percutaneous Endoscopic Approach, Diagnostic"
0GSL0ZZ,"Reposition Right Superior Parathyroid Gland, Open Approach"
08VY3ZZ,"Restriction of Left Lacrimal Duct, Percutaneous Approach"
B039ZZZ,Magnetic Resonance Imaging (MRI) of Sella Turcica/Pituitary Gland
00W6X2Z,"Revision of Monitoring Device in Cerebral Ventricle, External Approach"
316095,"Bypass Left Axillary Artery to Bilateral Lower Arm Artery with Autologous Venous Tissue, Open Approach"
F07L2ZZ,Coordination/Dexterity Treatment of Musculoskeletal System - Lower Back / Lower Extremity
07QG0ZZ,"Repair Left Lower Extremity Lymphatic, Open Approach"
03140J9,"Bypass Left Subclavian Artery to Right Lower Leg Artery with Synthetic Substitute, Open Approach"
0KXM4ZZ,"Transfer Perineum Muscle, Percutaneous Endoscopic Approach"
0D1M8KM,"Bypass Descending Colon to Descending Colon with Nonautologous Tissue Substitute, Via Natural or Artificial Opening Endoscopic"
D7Y6FZZ,Plaque Radiation of Abdomen Lymphatics
2W0BXYZ,Change Other Device on Left Upper Arm
0S550ZZ,"Destruction of Sacrococcygeal Joint, Open Approach"
0RWV0JZ,"Revision of Synthetic Substitute in Left Metacarpophalangeal Joint, Open Approach"
0P970ZZ,"Drainage of Right Glenoid Cavity, Open Approach"
0H9U30Z,"Drainage of Left Breast with Drainage Device, Percutaneous Approach"
B22110Z,"Computerized Tomography (CT Scan) of Multiple Coronary Arteries using Low Osmolar Contrast, Unenhanced and Enhanced"
0CPS70Z,"Removal of Drainage Device from Larynx, Via Natural or Artificial Opening"
316097,"Bypass Left Axillary Artery to Left Upper Leg Artery with Autologous Venous Tissue, Open Approach"
09TP4ZZ,"Resection of Accessory Sinus, Percutaneous Endoscopic Approach"
06UM3JZ,"Supplement Right Femoral Vein with Synthetic Substitute, Percutaneous Approach"
04W,"Lower Arteries, Revision"
0RBQ0ZX,"Excision of Right Carpal Joint, Open Approach, Diagnostic"
03LM0DZ,"Occlusion of Right External Carotid Artery with Intraluminal Device, Open Approach"
0GTR0ZZ,"Resection of Parathyroid Gland, Open Approach"
0QSJXZZ,"Reposition Right Fibula, External Approach"
0RHS48Z,"Insertion of Spacer into Right Metacarpocarpal Joint, Percutaneous Endoscopic Approach"
079F4ZZ,"Drainage of Right Lower Extremity Lymphatic, Percutaneous Endoscopic Approach"
04UL3KZ,"Supplement Left Femoral Artery with Nonautologous Tissue Substitute, Percutaneous Approach"
08BQ3ZX,"Excision of Right Lower Eyelid, Percutaneous Approach, Diagnostic"
02RH4JZ,"Replacement of Pulmonary Valve with Synthetic Substitute, Percutaneous Endoscopic Approach"
0GCQ4ZZ,"Extirpation of Matter from Multiple Parathyroid Glands, Percutaneous Endoscopic Approach"
0HRQXJZ,"Replacement of Finger Nail with Synthetic Substitute, External Approach"
041F0AP,"Bypass Left Internal Iliac Artery to Foot Artery with Autologous Arterial Tissue, Open Approach"
0NHX04Z,"Insertion of Internal Fixation Device into Hyoid Bone, Open Approach"
03130KC,"Bypass Right Subclavian Artery to Bilateral Lower Leg Artery with Nonautologous Tissue Substitute, Open Approach"
0HRU078,"Replacement of Left Breast using Superficial Inferior Epigastric Artery Flap, Open Approach"
DT12B7Z,Low Dose Rate (LDR) Brachytherapy of Bladder using Cesium 137 (Cs-137)
0LNN4ZZ,"Release Right Lower Leg Tendon, Percutaneous Endoscopic Approach"
0PRP47Z,"Replacement of Right Metacarpal with Autologous Tissue Substitute, Percutaneous Endoscopic Approach"
00943ZZ,"Drainage of Subdural Space, Percutaneous Approach"
0RPR08Z,"Removal of Spacer from Left Carpal Joint, Open Approach"
B8251ZZ,Computerized Tomography (CT Scan) of Right Eye using Low Osmolar Contrast
0Q9S00Z,"Drainage of Coccyx with Drainage Device, Open Approach"
0FB40ZX,"Excision of Gallbladder, Open Approach, Diagnostic"
0BBG0ZX,"Excision of Left Upper Lung Lobe, Open Approach, Diagnostic"
03WY4DZ,"Revision of Intraluminal Device in Upper Artery, Percutaneous Endoscopic Approach"
08R13JZ,null
02N93ZZ,"Release Chordae Tendineae, Percutaneous Approach"
0PSV34Z,"Reposition Left Finger Phalanx with Internal Fixation Device, Percutaneous Approach"
0TNB3ZZ,"Release Bladder, Percutaneous Approach"
047N4Z1,"Dilation of Left Popliteal Artery using Drug-Coated Balloon, Percutaneous Endoscopic Approach"
0G900ZZ,"Drainage of Pituitary Gland, Open Approach"
DB189BZ,High Dose Rate (HDR) Brachytherapy of Diaphragm using Palladium 103 (Pd-103)
0RPT08Z,null
0F154Z3,"Bypass Right Hepatic Duct to Duodenum, Percutaneous Endoscopic Approach"
0X3C3ZZ,"Control Bleeding in Left Elbow Region, Percutaneous Approach"
0MX94ZZ,"Transfer Right Upper Extremity Bursa and Ligament, Percutaneous Endoscopic Approach"
0UDB8ZZ,"Extraction of Endometrium, Via Natural or Artificial Opening Endoscopic"
02PY3DZ,"Removal of Intraluminal Device from Great Vessel, Percutaneous Approach"
0KCG0ZZ,"Extirpation of Matter from Left Trunk Muscle, Open Approach"
0RG14Z0,"Fusion of Cervical Vertebral Joint, Anterior Approach, Anterior Column, Percutaneous Endoscopic Approach"
0X060ZZ,"Alteration of Right Upper Extremity, Open Approach"
06L10DZ,"Occlusion of Splenic Vein with Intraluminal Device, Open Approach"
B516YZZ,Fluoroscopy of Right Subclavian Vein using Other Contrast
0HPRX0Z,"Removal of Drainage Device from Toe Nail, External Approach"
0T730ZZ,"Dilation of Right Kidney Pelvis, Open Approach"
0BQ73ZZ,"Repair Left Main Bronchus, Percutaneous Approach"
B52F0ZZ,Computerized Tomography (CT Scan) of Right Pelvic (Iliac) Veins using High Osmolar Contrast
0BB44ZX,"Excision of Right Upper Lobe Bronchus, Percutaneous Endoscopic Approach, Diagnostic"
0RGA4AJ,"Fusion of Thoracolumbar Vertebral Joint with Interbody Fusion Device, Posterior Approach, Anterior Column, Percutaneous Endoscopic Approach"
0BH37GZ,"Insertion of Endobronchial Valve into Right Main Bronchus, Via Natural or Artificial Opening"
0D1B0Z4,"Bypass Ileum to Cutaneous, Open Approach"
0CBV4ZZ,null
0G5H4ZZ,"Destruction of Right Thyroid Gland Lobe, Percutaneous Endoscopic Approach"
0SWF33Z,"Revision of Infusion Device in Right Ankle Joint, Percutaneous Approach"
0U150Z5,"Bypass Right Fallopian Tube to Right Fallopian Tube, Open Approach"
04BM0ZZ,"Excision of Right Popliteal Artery, Open Approach"
039T30Z,"Drainage of Left Temporal Artery with Drainage Device, Percutaneous Approach"
0NS20ZZ,"Reposition Left Frontal Bone, Open Approach"
0Y914ZX,"Drainage of Left Buttock, Percutaneous Endoscopic Approach, Diagnostic"
0SS934Z,"Reposition Right Hip Joint with Internal Fixation Device, Percutaneous Approach"
0YUG4JZ,"Supplement Left Knee Region with Synthetic Substitute, Percutaneous Endoscopic Approach"
0SQDXZZ,"Repair Left Knee Joint, External Approach"
047C4D6,"Dilation of Right Common Iliac Artery, Bifurcation, with Intraluminal Device, Percutaneous Endoscopic Approach"
0RSK3ZZ,"Reposition Left Shoulder Joint, Percutaneous Approach"
0C7M8ZZ,"Dilation of Pharynx, Via Natural or Artificial Opening Endoscopic"
0SHN35Z,"Insertion of External Fixation Device into Left Metatarsal-Phalangeal Joint, Percutaneous Approach"
0QSR0ZZ,"Reposition Left Toe Phalanx, Open Approach"
09Q3XZZ,"Repair Right External Auditory Canal, External Approach"
10Q03YE,"Repair Nervous System in Products of Conception with Other Device, Percutaneous Approach"
0SU90KZ,"Supplement Right Hip Joint with Nonautologous Tissue Substitute, Open Approach"
0FC24ZZ,"Extirpation of Matter from Left Lobe Liver, Percutaneous Endoscopic Approach"
0X6P0Z2,"Detachment at Left Index Finger, Mid, Open Approach"
06H53DZ,"Insertion of Intraluminal Device into Superior Mesenteric Vein, Percutaneous Approach"
0FV58DZ,"Restriction of Right Hepatic Duct with Intraluminal Device, Via Natural or Artificial Opening Endoscopic"
317090,"Bypass Right Brachial Artery to Right Upper Arm Artery with Autologous Venous Tissue, Open Approach"
06VJ4DZ,"Restriction of Left Hypogastric Vein with Intraluminal Device, Percutaneous Endoscopic Approach"
03734EZ,"Dilation of Right Subclavian Artery with Two Intraluminal Devices, Percutaneous Endoscopic Approach"
08RG3JZ,"Replacement of Right Retinal Vessel with Synthetic Substitute, Percutaneous Approach"
025D4ZZ,"Destruction of Papillary Muscle, Percutaneous Endoscopic Approach"
0U9730Z,"Drainage of Bilateral Fallopian Tubes with Drainage Device, Percutaneous Approach"
3E0V3TZ,"Introduction of Destructive Agent into Bones, Percutaneous Approach"
0HPPX7Z,"Removal of Autologous Tissue Substitute from Skin, External Approach"
03C84ZZ,"Extirpation of Matter from Left Brachial Artery, Percutaneous Endoscopic Approach"
B50B0ZZ,Plain Radiography of Right Lower Extremity Veins using High Osmolar Contrast
